100r.co_en_all_2026-02.zim:167,772,160:https:::download.kiwix.org:zim:zimit:100r.co_en_all_2026-02.zim:https:::download.kiwix.org:zim:zimit:100r.co_en_all_2026-02.zim.torrent
3dprinting.stackexchange.com_en_all_2026-02.zim:120,586,240:https:::download.kiwix.org:zim:stack_exchange:3dprinting.stackexchange.com_en_all_2026-02.zim:https:::download.kiwix.org:zim:stack_exchange:3dprinting.stackexchange.com_en_all_2026-02.zim.torrent
academia.stackexchange.com_en_all_2026-02.zim:292,552,704:https:::download.kiwix.org:zim:stack_exchange:academia.stackexchange.com_en_all_2026-02.zim:https:::download.kiwix.org:zim:stack_exchange:academia.stackexchange.com_en_all_2026-02.zim.torrent
ai.stackexchange.com_en_all_2026-02.zim:104,857,600:https:::download.kiwix.org:zim:stack_exchange:ai.stackexchange.com_en_all_2026-02.zim:https:::download.kiwix.org:zim:stack_exchange:ai.stackexchange.com_en_all_2026-02.zim.torrent
alcohol.stackexchange.com_en_all_2026-02.zim:13,631,488:https:::download.kiwix.org:zim:stack_exchange:alcohol.stackexchange.com_en_all_2026-02.zim:https:::download.kiwix.org:zim:stack_exchange:alcohol.stackexchange.com_en_all_2026-02.zim.torrent
allthetropes_en_all_maxi_2025-07.zim:1,503,238,553:https:::download.kiwix.org:zim:other:allthetropes_en_all_maxi_2025-07.zim:https:::download.kiwix.org:zim:other:allthetropes_en_all_maxi_2025-07.zim.torrent
alpinelinux_en_all_maxi_2026-01.zim:3,040,870:https:::download.kiwix.org:zim:other:alpinelinux_en_all_maxi_2026-01.zim:https:::download.kiwix.org:zim:other:alpinelinux_en_all_maxi_2026-01.zim.torrent
android.stackexchange.com_en_all_2026-02.zim:411,041,792:https:::download.kiwix.org:zim:stack_exchange:android.stackexchange.com_en_all_2026-02.zim:https:::download.kiwix.org:zim:stack_exchange:android.stackexchange.com_en_all_2026-02.zim.torrent
anime.stackexchange.com_en_all_2026-02.zim:239,075,328:https:::download.kiwix.org:zim:stack_exchange:anime.stackexchange.com_en_all_2026-02.zim:https:::download.kiwix.org:zim:stack_exchange:anime.stackexchange.com_en_all_2026-02.zim.torrent
anonymousplanet.org_en_all_2026-02.zim:28,311,552:https:::download.kiwix.org:zim:zimit:anonymousplanet.org_en_all_2026-02.zim:https:::download.kiwix.org:zim:zimit:anonymousplanet.org_en_all_2026-02.zim.torrent
apod.nasa.gov_en_all_2026-02.zim:9,126,805,504:https:::download.kiwix.org:zim:zimit:apod.nasa.gov_en_all_2026-02.zim:https:::download.kiwix.org:zim:zimit:apod.nasa.gov_en_all_2026-02.zim.torrent
apple.stackexchange.com_en_all_2026-02.zim:1,181,116,006:https:::download.kiwix.org:zim:stack_exchange:apple.stackexchange.com_en_all_2026-02.zim:https:::download.kiwix.org:zim:stack_exchange:apple.stackexchange.com_en_all_2026-02.zim.torrent
appropedia_en_all_maxi_2026-02.zim:581,959,680:https:::download.kiwix.org:zim:other:appropedia_en_all_maxi_2026-02.zim:https:::download.kiwix.org:zim:other:appropedia_en_all_maxi_2026-02.zim.torrent
archlinux_en_all_maxi_2025-09.zim:31,457,280:https:::download.kiwix.org:zim:other:archlinux_en_all_maxi_2025-09.zim:https:::download.kiwix.org:zim:other:archlinux_en_all_maxi_2025-09.zim.torrent
arduino.stackexchange.com_en_all_2026-02.zim:258,998,272:https:::download.kiwix.org:zim:stack_exchange:arduino.stackexchange.com_en_all_2026-02.zim:https:::download.kiwix.org:zim:stack_exchange:arduino.stackexchange.com_en_all_2026-02.zim.torrent
armypubs_en_all_2024-12.zim:8,267,812,044:https:::download.kiwix.org:zim:zimit:armypubs_en_all_2024-12.zim:https:::download.kiwix.org:zim:zimit:armypubs_en_all_2024-12.zim.torrent
artofproblemsolving_en_all_maxi_2021-03.zim:205,520,896:https:::download.kiwix.org:zim:other:artofproblemsolving_en_all_maxi_2021-03.zim:https:::download.kiwix.org:zim:other:artofproblemsolving_en_all_maxi_2021-03.zim.torrent
askubuntu.com_en_all_2025-12.zim:2,791,728,742:https:::download.kiwix.org:zim:stack_exchange:askubuntu.com_en_all_2025-12.zim:https:::download.kiwix.org:zim:stack_exchange:askubuntu.com_en_all_2025-12.zim.torrent
astronomy.stackexchange.com_en_all_2026-02.zim:196,083,712:https:::download.kiwix.org:zim:stack_exchange:astronomy.stackexchange.com_en_all_2026-02.zim:https:::download.kiwix.org:zim:stack_exchange:astronomy.stackexchange.com_en_all_2026-02.zim.torrent
aviation.stackexchange.com_en_all_2026-02.zim:505,413,632:https:::download.kiwix.org:zim:stack_exchange:aviation.stackexchange.com_en_all_2026-02.zim:https:::download.kiwix.org:zim:stack_exchange:aviation.stackexchange.com_en_all_2026-02.zim.torrent
balatrowiki_en_all_maxi_2026-03.zim:6,396,313:https:::download.kiwix.org:zim:other:balatrowiki_en_all_maxi_2026-03.zim:https:::download.kiwix.org:zim:other:balatrowiki_en_all_maxi_2026-03.zim.torrent
based.cooking_en_all_2026-02.zim:15,728,640:https:::download.kiwix.org:zim:zimit:based.cooking_en_all_2026-02.zim:https:::download.kiwix.org:zim:zimit:based.cooking_en_all_2026-02.zim.torrent
bicycles.stackexchange.com_en_all_2026-02.zim:489,684,992:https:::download.kiwix.org:zim:stack_exchange:bicycles.stackexchange.com_en_all_2026-02.zim:https:::download.kiwix.org:zim:stack_exchange:bicycles.stackexchange.com_en_all_2026-02.zim.torrent
bindingofisaacrebirth_en_all_maxi_2026-03.zim:130,023,424:https:::download.kiwix.org:zim:other:bindingofisaacrebirth_en_all_maxi_2026-03.zim:https:::download.kiwix.org:zim:other:bindingofisaacrebirth_en_all_maxi_2026-03.zim.torrent
bioacoustics.stackexchange.com_en_all_2026-02.zim:9,751,756:https:::download.kiwix.org:zim:stack_exchange:bioacoustics.stackexchange.com_en_all_2026-02.zim:https:::download.kiwix.org:zim:stack_exchange:bioacoustics.stackexchange.com_en_all_2026-02.zim.torrent
bioinformatics.stackexchange.com_en_all_2026-02.zim:57,671,680:https:::download.kiwix.org:zim:stack_exchange:bioinformatics.stackexchange.com_en_all_2026-02.zim:https:::download.kiwix.org:zim:stack_exchange:bioinformatics.stackexchange.com_en_all_2026-02.zim.torrent
biology.stackexchange.com_en_all_2026-02.zim:422,576,128:https:::download.kiwix.org:zim:stack_exchange:biology.stackexchange.com_en_all_2026-02.zim:https:::download.kiwix.org:zim:stack_exchange:biology.stackexchange.com_en_all_2026-02.zim.torrent
biologycourses_en_all_2025-12.zim:199,229,440:https:::download.kiwix.org:zim:videos:biologycourses_en_all_2025-12.zim:https:::download.kiwix.org:zim:videos:biologycourses_en_all_2025-12.zim.torrent
bitcoin.stackexchange.com_en_all_2026-02.zim:156,237,824:https:::download.kiwix.org:zim:stack_exchange:bitcoin.stackexchange.com_en_all_2026-02.zim:https:::download.kiwix.org:zim:stack_exchange:bitcoin.stackexchange.com_en_all_2026-02.zim.torrent
bitcoin_en_all_maxi_2021-03.zim:17,825,792:https:::download.kiwix.org:zim:other:bitcoin_en_all_maxi_2021-03.zim:https:::download.kiwix.org:zim:other:bitcoin_en_all_maxi_2021-03.zim.torrent
blender.stackexchange.com_en_all_2026-02.zim:2,791,728,742:https:::download.kiwix.org:zim:stack_exchange:blender.stackexchange.com_en_all_2026-02.zim:https:::download.kiwix.org:zim:stack_exchange:blender.stackexchange.com_en_all_2026-02.zim.torrent
boardgames.stackexchange.com_en_all_2026-02.zim:106,954,752:https:::download.kiwix.org:zim:stack_exchange:boardgames.stackexchange.com_en_all_2026-02.zim:https:::download.kiwix.org:zim:stack_exchange:boardgames.stackexchange.com_en_all_2026-02.zim.torrent
bogleheads_en_all_maxi_2025-11.zim:10,485,760:https:::download.kiwix.org:zim:other:bogleheads_en_all_maxi_2025-11.zim:https:::download.kiwix.org:zim:other:bogleheads_en_all_maxi_2025-11.zim.torrent
booksdash_en_all_2024-06.zim:11,811,160,064:https:::download.kiwix.org:zim:zimit:booksdash_en_all_2024-06.zim:https:::download.kiwix.org:zim:zimit:booksdash_en_all_2024-06.zim.torrent
bricks.stackexchange.com_en_all_2026-02.zim:153,092,096:https:::download.kiwix.org:zim:stack_exchange:bricks.stackexchange.com_en_all_2026-02.zim:https:::download.kiwix.org:zim:stack_exchange:bricks.stackexchange.com_en_all_2026-02.zim.torrent
buddhism.stackexchange.com_en_all_2026-02.zim:81,788,928:https:::download.kiwix.org:zim:stack_exchange:buddhism.stackexchange.com_en_all_2026-02.zim:https:::download.kiwix.org:zim:stack_exchange:buddhism.stackexchange.com_en_all_2026-02.zim.torrent
bulbagarden_en_all_maxi_2026-02.zim:3,006,477,107:https:::download.kiwix.org:zim:other:bulbagarden_en_all_maxi_2026-02.zim:https:::download.kiwix.org:zim:other:bulbagarden_en_all_maxi_2026-02.zim.torrent
canadian_prepper_bugoutconcepts_en_2026-02.zim:2,899,102,924:https:::download.kiwix.org:zim:videos:canadian_prepper_bugoutconcepts_en_2026-02.zim:https:::download.kiwix.org:zim:videos:canadian_prepper_bugoutconcepts_en_2026-02.zim.torrent
canadian_prepper_bugoutroll_en_2025-08.zim:974,127,104:https:::download.kiwix.org:zim:videos:canadian_prepper_bugoutroll_en_2025-08.zim:https:::download.kiwix.org:zim:videos:canadian_prepper_bugoutroll_en_2025-08.zim.torrent
canadian_prepper_preppingfood_en_2025-09.zim:2,147,483,648:https:::download.kiwix.org:zim:videos:canadian_prepper_preppingfood_en_2025-09.zim:https:::download.kiwix.org:zim:videos:canadian_prepper_preppingfood_en_2025-09.zim.torrent
canadian_prepper_winterprepping_en_2026-02.zim:1,288,490,188:https:::download.kiwix.org:zim:videos:canadian_prepper_winterprepping_en_2026-02.zim:https:::download.kiwix.org:zim:videos:canadian_prepper_winterprepping_en_2026-02.zim.torrent
cardano.stackexchange.com_en_all_2026-02.zim:16,777,216:https:::download.kiwix.org:zim:stack_exchange:cardano.stackexchange.com_en_all_2026-02.zim:https:::download.kiwix.org:zim:stack_exchange:cardano.stackexchange.com_en_all_2026-02.zim.torrent
cd3wdproject.org_en_all_2025-11.zim:580,911,104:https:::download.kiwix.org:zim:zimit:cd3wdproject.org_en_all_2025-11.zim:https:::download.kiwix.org:zim:zimit:cd3wdproject.org_en_all_2025-11.zim.torrent
celticscores.com_en_all_2026-02.zim:5,690,831,667:https:::download.kiwix.org:zim:zimit:celticscores.com_en_all_2026-02.zim:https:::download.kiwix.org:zim:zimit:celticscores.com_en_all_2026-02.zim.torrent
cheatography.com_en_all_2025-07.zim:11,811,160,064:https:::download.kiwix.org:zim:zimit:cheatography.com_en_all_2025-07.zim:https:::download.kiwix.org:zim:zimit:cheatography.com_en_all_2025-07.zim.torrent
chemistry.stackexchange.com_en_all_2026-02.zim:416,284,672:https:::download.kiwix.org:zim:stack_exchange:chemistry.stackexchange.com_en_all_2026-02.zim:https:::download.kiwix.org:zim:stack_exchange:chemistry.stackexchange.com_en_all_2026-02.zim.torrent
chess.stackexchange.com_en_all_2026-02.zim:80,740,352:https:::download.kiwix.org:zim:stack_exchange:chess.stackexchange.com_en_all_2026-02.zim:https:::download.kiwix.org:zim:stack_exchange:chess.stackexchange.com_en_all_2026-02.zim.torrent
chopin.lib.uchicago.edu_en_all_2025-01.zim:8,804,682,956:https:::download.kiwix.org:zim:other:chopin.lib.uchicago.edu_en_all_2025-01.zim:https:::download.kiwix.org:zim:other:chopin.lib.uchicago.edu_en_all_2025-01.zim.torrent
christianity.stackexchange.com_en_all_2026-02.zim:188,743,680:https:::download.kiwix.org:zim:stack_exchange:christianity.stackexchange.com_en_all_2026-02.zim:https:::download.kiwix.org:zim:stack_exchange:christianity.stackexchange.com_en_all_2026-02.zim.torrent
citizendium.org_en_all_maxi_2025-10.zim:227,540,992:https:::download.kiwix.org:zim:other:citizendium.org_en_all_maxi_2025-10.zim:https:::download.kiwix.org:zim:other:citizendium.org_en_all_maxi_2025-10.zim.torrent
citizensinformation.ie_en_all_2025-12.zim:160,432,128:https:::download.kiwix.org:zim:zimit:citizensinformation.ie_en_all_2025-12.zim:https:::download.kiwix.org:zim:zimit:citizensinformation.ie_en_all_2025-12.zim.torrent
civicrm.stackexchange.com_en_all_2026-02.zim:97,517,568:https:::download.kiwix.org:zim:stack_exchange:civicrm.stackexchange.com_en_all_2026-02.zim:https:::download.kiwix.org:zim:stack_exchange:civicrm.stackexchange.com_en_all_2026-02.zim.torrent
cloudflare.com_en_learning-center_2025-12.zim:190,840,832:https:::download.kiwix.org:zim:zimit:cloudflare.com_en_learning-center_2025-12.zim:https:::download.kiwix.org:zim:zimit:cloudflare.com_en_learning-center_2025-12.zim.torrent
codegolf.stackexchange.com_en_all_2026-02.zim:390,070,272:https:::download.kiwix.org:zim:stack_exchange:codegolf.stackexchange.com_en_all_2026-02.zim:https:::download.kiwix.org:zim:stack_exchange:codegolf.stackexchange.com_en_all_2026-02.zim.torrent
codereview.stackexchange.com_en_all_2026-02.zim:550,502,400:https:::download.kiwix.org:zim:stack_exchange:codereview.stackexchange.com_en_all_2026-02.zim:https:::download.kiwix.org:zim:stack_exchange:codereview.stackexchange.com_en_all_2026-02.zim.torrent
coffee.stackexchange.com_en_all_2026-02.zim:17,825,792:https:::download.kiwix.org:zim:stack_exchange:coffee.stackexchange.com_en_all_2026-02.zim:https:::download.kiwix.org:zim:stack_exchange:coffee.stackexchange.com_en_all_2026-02.zim.torrent
communitybuilding.stackexchange.com_en_all_2026-02.zim:6,291,456:https:::download.kiwix.org:zim:stack_exchange:communitybuilding.stackexchange.com_en_all_2026-02.zim:https:::download.kiwix.org:zim:stack_exchange:communitybuilding.stackexchange.com_en_all_2026-02.zim.torrent
computergraphics.stackexchange.com_en_all_2026-02.zim:53,477,376:https:::download.kiwix.org:zim:stack_exchange:computergraphics.stackexchange.com_en_all_2026-02.zim:https:::download.kiwix.org:zim:stack_exchange:computergraphics.stackexchange.com_en_all_2026-02.zim.torrent
conlang.stackexchange.com_en_all_2026-02.zim:7,444,889:https:::download.kiwix.org:zim:stack_exchange:conlang.stackexchange.com_en_all_2026-02.zim:https:::download.kiwix.org:zim:stack_exchange:conlang.stackexchange.com_en_all_2026-02.zim.torrent
cooking.stackexchange.com_en_all_2026-02.zim:236,978,176:https:::download.kiwix.org:zim:stack_exchange:cooking.stackexchange.com_en_all_2026-02.zim:https:::download.kiwix.org:zim:stack_exchange:cooking.stackexchange.com_en_all_2026-02.zim.torrent
coreyms_en_django-tutorials_2025-10.zim:284,164,096:https:::download.kiwix.org:zim:videos:coreyms_en_django-tutorials_2025-10.zim:https:::download.kiwix.org:zim:videos:coreyms_en_django-tutorials_2025-10.zim.torrent
coreyms_en_flask-tutorials_2025-10.zim:269,484,032:https:::download.kiwix.org:zim:videos:coreyms_en_flask-tutorials_2025-10.zim:https:::download.kiwix.org:zim:videos:coreyms_en_flask-tutorials_2025-10.zim.torrent
coreyms_en_git-tutorials_2025-10.zim:59,768,832:https:::download.kiwix.org:zim:videos:coreyms_en_git-tutorials_2025-10.zim:https:::download.kiwix.org:zim:videos:coreyms_en_git-tutorials_2025-10.zim.torrent
coreyms_en_javascript-tutorials_2025-10.zim:44,040,192:https:::download.kiwix.org:zim:videos:coreyms_en_javascript-tutorials_2025-10.zim:https:::download.kiwix.org:zim:videos:coreyms_en_javascript-tutorials_2025-10.zim.torrent
coreyms_en_matplotlib-tutorials_2026-01.zim:109,051,904:https:::download.kiwix.org:zim:videos:coreyms_en_matplotlib-tutorials_2026-01.zim:https:::download.kiwix.org:zim:videos:coreyms_en_matplotlib-tutorials_2026-01.zim.torrent
coreyms_en_python-tutorials_2026-01.zim:2,147,483,648:https:::download.kiwix.org:zim:videos:coreyms_en_python-tutorials_2026-01.zim:https:::download.kiwix.org:zim:videos:coreyms_en_python-tutorials_2026-01.zim.torrent
coreyms_en_sql-tutorials_2025-10.zim:23,068,672:https:::download.kiwix.org:zim:videos:coreyms_en_sql-tutorials_2025-10.zim:https:::download.kiwix.org:zim:videos:coreyms_en_sql-tutorials_2025-10.zim.torrent
craftcms.stackexchange.com_en_all_2026-02.zim:62,914,560:https:::download.kiwix.org:zim:stack_exchange:craftcms.stackexchange.com_en_all_2026-02.zim:https:::download.kiwix.org:zim:stack_exchange:craftcms.stackexchange.com_en_all_2026-02.zim.torrent
crafts.stackexchange.com_en_all_2026-02.zim:56,623,104:https:::download.kiwix.org:zim:stack_exchange:crafts.stackexchange.com_en_all_2026-02.zim:https:::download.kiwix.org:zim:stack_exchange:crafts.stackexchange.com_en_all_2026-02.zim.torrent
crashcourse_en_all_2026-02.zim:22,548,578,304:https:::download.kiwix.org:zim:other:crashcourse_en_all_2026-02.zim:https:::download.kiwix.org:zim:other:crashcourse_en_all_2026-02.zim.torrent
crypto.stackexchange.com_en_all_2026-02.zim:184,549,376:https:::download.kiwix.org:zim:stack_exchange:crypto.stackexchange.com_en_all_2026-02.zim:https:::download.kiwix.org:zim:stack_exchange:crypto.stackexchange.com_en_all_2026-02.zim.torrent
cs.stackexchange.com_en_all_2026-02.zim:276,824,064:https:::download.kiwix.org:zim:stack_exchange:cs.stackexchange.com_en_all_2026-02.zim:https:::download.kiwix.org:zim:stack_exchange:cs.stackexchange.com_en_all_2026-02.zim.torrent
cseducators.stackexchange.com_en_all_2026-02.zim:16,777,216:https:::download.kiwix.org:zim:stack_exchange:cseducators.stackexchange.com_en_all_2026-02.zim:https:::download.kiwix.org:zim:stack_exchange:cseducators.stackexchange.com_en_all_2026-02.zim.torrent
cstheory.stackexchange.com_en_all_2026-02.zim:74,448,896:https:::download.kiwix.org:zim:stack_exchange:cstheory.stackexchange.com_en_all_2026-02.zim:https:::download.kiwix.org:zim:stack_exchange:cstheory.stackexchange.com_en_all_2026-02.zim.torrent
dandwiki_en_all_maxi_2025-04.zim:1,395,864,371:https:::download.kiwix.org:zim:other:dandwiki_en_all_maxi_2025-04.zim:https:::download.kiwix.org:zim:other:dandwiki_en_all_maxi_2025-04.zim.torrent
dart.dev_en_all_2025-11.zim:47,185,920:https:::download.kiwix.org:zim:zimit:dart.dev_en_all_2025-11.zim:https:::download.kiwix.org:zim:zimit:dart.dev_en_all_2025-11.zim.torrent
datascience.stackexchange.com_en_all_2026-02.zim:273,678,336:https:::download.kiwix.org:zim:stack_exchange:datascience.stackexchange.com_en_all_2026-02.zim:https:::download.kiwix.org:zim:stack_exchange:datascience.stackexchange.com_en_all_2026-02.zim.torrent
dba.stackexchange.com_en_all_2026-02.zim:701,497,344:https:::download.kiwix.org:zim:stack_exchange:dba.stackexchange.com_en_all_2026-02.zim:https:::download.kiwix.org:zim:stack_exchange:dba.stackexchange.com_en_all_2026-02.zim.torrent
devdocs_en_angular_2026-01.zim:5,347,737:https:::download.kiwix.org:zim:devdocs:devdocs_en_angular_2026-01.zim:https:::download.kiwix.org:zim:devdocs:devdocs_en_angular_2026-01.zim.torrent
devdocs_en_angularjs_2026-01.zim:1,048,576:https:::download.kiwix.org:zim:devdocs:devdocs_en_angularjs_2026-01.zim:https:::download.kiwix.org:zim:devdocs:devdocs_en_angularjs_2026-01.zim.torrent
devdocs_en_ansible_2026-01.zim:31,457,280:https:::download.kiwix.org:zim:devdocs:devdocs_en_ansible_2026-01.zim:https:::download.kiwix.org:zim:devdocs:devdocs_en_ansible_2026-01.zim.torrent
devdocs_en_apache-http-server_2026-01.zim:1,363,148:https:::download.kiwix.org:zim:devdocs:devdocs_en_apache-http-server_2026-01.zim:https:::download.kiwix.org:zim:devdocs:devdocs_en_apache-http-server_2026-01.zim.torrent
devdocs_en_apache-pig_2026-01.zim:516,096:https:::download.kiwix.org:zim:devdocs:devdocs_en_apache-pig_2026-01.zim:https:::download.kiwix.org:zim:devdocs:devdocs_en_apache-pig_2026-01.zim.torrent
devdocs_en_astro_2026-01.zim:2,306,867:https:::download.kiwix.org:zim:devdocs:devdocs_en_astro_2026-01.zim:https:::download.kiwix.org:zim:devdocs:devdocs_en_astro_2026-01.zim.torrent
devdocs_en_async_2026-02.zim:347,136:https:::download.kiwix.org:zim:devdocs:devdocs_en_async_2026-02.zim:https:::download.kiwix.org:zim:devdocs:devdocs_en_async_2026-02.zim.torrent
devdocs_en_axios_2025-10.zim:416,768:https:::download.kiwix.org:zim:devdocs:devdocs_en_axios_2025-10.zim:https:::download.kiwix.org:zim:devdocs:devdocs_en_axios_2025-10.zim.torrent
devdocs_en_babel_2026-01.zim:578,560:https:::download.kiwix.org:zim:devdocs:devdocs_en_babel_2026-01.zim:https:::download.kiwix.org:zim:devdocs:devdocs_en_babel_2026-01.zim.torrent
devdocs_en_backbone_2026-01.zim:357,376:https:::download.kiwix.org:zim:devdocs:devdocs_en_backbone_2026-01.zim:https:::download.kiwix.org:zim:devdocs:devdocs_en_backbone_2026-01.zim.torrent
devdocs_en_bash_2026-01.zim:559,104:https:::download.kiwix.org:zim:devdocs:devdocs_en_bash_2026-01.zim:https:::download.kiwix.org:zim:devdocs:devdocs_en_bash_2026-01.zim.torrent
devdocs_en_bazel_2026-01.zim:442,368:https:::download.kiwix.org:zim:devdocs:devdocs_en_bazel_2026-01.zim:https:::download.kiwix.org:zim:devdocs:devdocs_en_bazel_2026-01.zim.torrent
devdocs_en_bluebird_2025-10.zim:507,904:https:::download.kiwix.org:zim:devdocs:devdocs_en_bluebird_2025-10.zim:https:::download.kiwix.org:zim:devdocs:devdocs_en_bluebird_2025-10.zim.torrent
devdocs_en_bootstrap_2026-01.zim:723,968:https:::download.kiwix.org:zim:devdocs:devdocs_en_bootstrap_2026-01.zim:https:::download.kiwix.org:zim:devdocs:devdocs_en_bootstrap_2026-01.zim.torrent
devdocs_en_bottle_2026-01.zim:420,864:https:::download.kiwix.org:zim:devdocs:devdocs_en_bottle_2026-01.zim:https:::download.kiwix.org:zim:devdocs:devdocs_en_bottle_2026-01.zim.torrent
devdocs_en_bower_2026-01.zim:336,896:https:::download.kiwix.org:zim:devdocs:devdocs_en_bower_2026-01.zim:https:::download.kiwix.org:zim:devdocs:devdocs_en_bower_2026-01.zim.torrent
devdocs_en_c_2026-01.zim:1,258,291:https:::download.kiwix.org:zim:devdocs:devdocs_en_c_2026-01.zim:https:::download.kiwix.org:zim:devdocs:devdocs_en_c_2026-01.zim.torrent
devdocs_en_cakephp_2026-02.zim:2,097,152:https:::download.kiwix.org:zim:devdocs:devdocs_en_cakephp_2026-02.zim:https:::download.kiwix.org:zim:devdocs:devdocs_en_cakephp_2026-02.zim.torrent
devdocs_en_chai_2026-01.zim:368,640:https:::download.kiwix.org:zim:devdocs:devdocs_en_chai_2026-01.zim:https:::download.kiwix.org:zim:devdocs:devdocs_en_chai_2026-01.zim.torrent
devdocs_en_chef_2026-01.zim:13,631,488:https:::download.kiwix.org:zim:devdocs:devdocs_en_chef_2026-01.zim:https:::download.kiwix.org:zim:devdocs:devdocs_en_chef_2026-01.zim.torrent
devdocs_en_click_2026-01.zim:452,608:https:::download.kiwix.org:zim:devdocs:devdocs_en_click_2026-01.zim:https:::download.kiwix.org:zim:devdocs:devdocs_en_click_2026-01.zim.torrent
devdocs_en_clojure_2026-02.zim:435,200:https:::download.kiwix.org:zim:devdocs:devdocs_en_clojure_2026-02.zim:https:::download.kiwix.org:zim:devdocs:devdocs_en_clojure_2026-02.zim.torrent
devdocs_en_cmake_2026-02.zim:2,621,440:https:::download.kiwix.org:zim:devdocs:devdocs_en_cmake_2026-02.zim:https:::download.kiwix.org:zim:devdocs:devdocs_en_cmake_2026-02.zim.torrent
devdocs_en_codeception_2026-01.zim:849,920:https:::download.kiwix.org:zim:devdocs:devdocs_en_codeception_2026-01.zim:https:::download.kiwix.org:zim:devdocs:devdocs_en_codeception_2026-01.zim.torrent
devdocs_en_codeceptjs_2026-01.zim:821,248:https:::download.kiwix.org:zim:devdocs:devdocs_en_codeceptjs_2026-01.zim:https:::download.kiwix.org:zim:devdocs:devdocs_en_codeceptjs_2026-01.zim.torrent
devdocs_en_codeigniter_2026-01.zim:891,904:https:::download.kiwix.org:zim:devdocs:devdocs_en_codeigniter_2026-01.zim:https:::download.kiwix.org:zim:devdocs:devdocs_en_codeigniter_2026-01.zim.torrent
devdocs_en_coffeescript_2026-01.zim:370,688:https:::download.kiwix.org:zim:devdocs:devdocs_en_coffeescript_2026-01.zim:https:::download.kiwix.org:zim:devdocs:devdocs_en_coffeescript_2026-01.zim.torrent
devdocs_en_composer_2026-01.zim:437,248:https:::download.kiwix.org:zim:devdocs:devdocs_en_composer_2026-01.zim:https:::download.kiwix.org:zim:devdocs:devdocs_en_composer_2026-01.zim.torrent
devdocs_en_cordova_2026-01.zim:1,468,006:https:::download.kiwix.org:zim:devdocs:devdocs_en_cordova_2026-01.zim:https:::download.kiwix.org:zim:devdocs:devdocs_en_cordova_2026-01.zim.torrent
devdocs_en_cpp_2026-01.zim:7,235,174:https:::download.kiwix.org:zim:devdocs:devdocs_en_cpp_2026-01.zim:https:::download.kiwix.org:zim:devdocs:devdocs_en_cpp_2026-01.zim.torrent
devdocs_en_crystal_2026-01.zim:2,097,152:https:::download.kiwix.org:zim:devdocs:devdocs_en_crystal_2026-01.zim:https:::download.kiwix.org:zim:devdocs:devdocs_en_crystal_2026-01.zim.torrent
devdocs_en_css_2026-01.zim:4,823,449:https:::download.kiwix.org:zim:devdocs:devdocs_en_css_2026-01.zim:https:::download.kiwix.org:zim:devdocs:devdocs_en_css_2026-01.zim.torrent
devdocs_en_cypress_2026-01.zim:4,089,446:https:::download.kiwix.org:zim:devdocs:devdocs_en_cypress_2026-01.zim:https:::download.kiwix.org:zim:devdocs:devdocs_en_cypress_2026-01.zim.torrent
devdocs_en_d3_2026-01.zim:10,485,760:https:::download.kiwix.org:zim:devdocs:devdocs_en_d3_2026-01.zim:https:::download.kiwix.org:zim:devdocs:devdocs_en_d3_2026-01.zim.torrent
devdocs_en_d_2026-01.zim:1,782,579:https:::download.kiwix.org:zim:devdocs:devdocs_en_d_2026-01.zim:https:::download.kiwix.org:zim:devdocs:devdocs_en_d_2026-01.zim.torrent
devdocs_en_dart_2026-01.zim:10,380,902:https:::download.kiwix.org:zim:devdocs:devdocs_en_dart_2026-01.zim:https:::download.kiwix.org:zim:devdocs:devdocs_en_dart_2026-01.zim.torrent
devdocs_en_date-fns_2025-10.zim:457,728:https:::download.kiwix.org:zim:devdocs:devdocs_en_date-fns_2025-10.zim:https:::download.kiwix.org:zim:devdocs:devdocs_en_date-fns_2025-10.zim.torrent
devdocs_en_deno_2026-02.zim:2,726,297:https:::download.kiwix.org:zim:devdocs:devdocs_en_deno_2026-02.zim:https:::download.kiwix.org:zim:devdocs:devdocs_en_deno_2026-02.zim.torrent
devdocs_en_django-rest-framework_2026-01.zim:599,040:https:::download.kiwix.org:zim:devdocs:devdocs_en_django-rest-framework_2026-01.zim:https:::download.kiwix.org:zim:devdocs:devdocs_en_django-rest-framework_2026-01.zim.torrent
devdocs_en_django_2026-01.zim:1,992,294:https:::download.kiwix.org:zim:devdocs:devdocs_en_django_2026-01.zim:https:::download.kiwix.org:zim:devdocs:devdocs_en_django_2026-01.zim.torrent
devdocs_en_docker_2026-01.zim:1,782,579:https:::download.kiwix.org:zim:devdocs:devdocs_en_docker_2026-01.zim:https:::download.kiwix.org:zim:devdocs:devdocs_en_docker_2026-01.zim.torrent
devdocs_en_dojo_2026-01.zim:734,208:https:::download.kiwix.org:zim:devdocs:devdocs_en_dojo_2026-01.zim:https:::download.kiwix.org:zim:devdocs:devdocs_en_dojo_2026-01.zim.torrent
devdocs_en_dom_2026-02.zim:14,680,064:https:::download.kiwix.org:zim:devdocs:devdocs_en_dom_2026-02.zim:https:::download.kiwix.org:zim:devdocs:devdocs_en_dom_2026-02.zim.torrent
devdocs_en_drupal_2026-01.zim:12,582,912:https:::download.kiwix.org:zim:devdocs:devdocs_en_drupal_2026-01.zim:https:::download.kiwix.org:zim:devdocs:devdocs_en_drupal_2026-01.zim.torrent
devdocs_en_duckdb_2026-01.zim:1,992,294:https:::download.kiwix.org:zim:devdocs:devdocs_en_duckdb_2026-01.zim:https:::download.kiwix.org:zim:devdocs:devdocs_en_duckdb_2026-01.zim.torrent
devdocs_en_eigen3_2026-01.zim:2,831,155:https:::download.kiwix.org:zim:devdocs:devdocs_en_eigen3_2026-01.zim:https:::download.kiwix.org:zim:devdocs:devdocs_en_eigen3_2026-01.zim.torrent
devdocs_en_electron_2026-01.zim:1,677,721:https:::download.kiwix.org:zim:devdocs:devdocs_en_electron_2026-01.zim:https:::download.kiwix.org:zim:devdocs:devdocs_en_electron_2026-01.zim.torrent
devdocs_en_elisp_2026-01.zim:1,992,294:https:::download.kiwix.org:zim:devdocs:devdocs_en_elisp_2026-01.zim:https:::download.kiwix.org:zim:devdocs:devdocs_en_elisp_2026-01.zim.torrent
devdocs_en_elixir_2026-02.zim:1,258,291:https:::download.kiwix.org:zim:devdocs:devdocs_en_elixir_2026-02.zim:https:::download.kiwix.org:zim:devdocs:devdocs_en_elixir_2026-02.zim.torrent
devdocs_en_ember_2026-01.zim:1,258,291:https:::download.kiwix.org:zim:devdocs:devdocs_en_ember_2026-01.zim:https:::download.kiwix.org:zim:devdocs:devdocs_en_ember_2026-01.zim.torrent
devdocs_en_enzyme_2026-01.zim:423,936:https:::download.kiwix.org:zim:devdocs:devdocs_en_enzyme_2026-01.zim:https:::download.kiwix.org:zim:devdocs:devdocs_en_enzyme_2026-01.zim.torrent
devdocs_en_erlang_2026-02.zim:4,089,446:https:::download.kiwix.org:zim:devdocs:devdocs_en_erlang_2026-02.zim:https:::download.kiwix.org:zim:devdocs:devdocs_en_erlang_2026-02.zim.torrent
devdocs_en_esbuild_2026-01.zim:453,632:https:::download.kiwix.org:zim:devdocs:devdocs_en_esbuild_2026-01.zim:https:::download.kiwix.org:zim:devdocs:devdocs_en_esbuild_2026-01.zim.torrent
devdocs_en_eslint_2026-01.zim:1,048,576:https:::download.kiwix.org:zim:devdocs:devdocs_en_eslint_2026-01.zim:https:::download.kiwix.org:zim:devdocs:devdocs_en_eslint_2026-01.zim.torrent
devdocs_en_express_2026-02.zim:443,392:https:::download.kiwix.org:zim:devdocs:devdocs_en_express_2026-02.zim:https:::download.kiwix.org:zim:devdocs:devdocs_en_express_2026-02.zim.torrent
devdocs_en_falcon_2026-01.zim:457,728:https:::download.kiwix.org:zim:devdocs:devdocs_en_falcon_2026-01.zim:https:::download.kiwix.org:zim:devdocs:devdocs_en_falcon_2026-01.zim.torrent
devdocs_en_fastapi_2026-01.zim:2,411,724:https:::download.kiwix.org:zim:devdocs:devdocs_en_fastapi_2026-01.zim:https:::download.kiwix.org:zim:devdocs:devdocs_en_fastapi_2026-01.zim.torrent
devdocs_en_fish_2026-01.zim:588,800:https:::download.kiwix.org:zim:devdocs:devdocs_en_fish_2026-01.zim:https:::download.kiwix.org:zim:devdocs:devdocs_en_fish_2026-01.zim.torrent
devdocs_en_flask_2026-01.zim:617,472:https:::download.kiwix.org:zim:devdocs:devdocs_en_flask_2026-01.zim:https:::download.kiwix.org:zim:devdocs:devdocs_en_flask_2026-01.zim.torrent
devdocs_en_flow_2026-01.zim:493,568:https:::download.kiwix.org:zim:devdocs:devdocs_en_flow_2026-01.zim:https:::download.kiwix.org:zim:devdocs:devdocs_en_flow_2026-01.zim.torrent
devdocs_en_fluture_2026-01.zim:339,968:https:::download.kiwix.org:zim:devdocs:devdocs_en_fluture_2026-01.zim:https:::download.kiwix.org:zim:devdocs:devdocs_en_fluture_2026-01.zim.torrent
devdocs_en_gcc_2026-02.zim:1,677,721:https:::download.kiwix.org:zim:devdocs:devdocs_en_gcc_2026-02.zim:https:::download.kiwix.org:zim:devdocs:devdocs_en_gcc_2026-02.zim.torrent
devdocs_en_git_2026-01.zim:1,572,864:https:::download.kiwix.org:zim:devdocs:devdocs_en_git_2026-01.zim:https:::download.kiwix.org:zim:devdocs:devdocs_en_git_2026-01.zim.torrent
devdocs_en_gnu-cobol_2026-01.zim:613,376:https:::download.kiwix.org:zim:devdocs:devdocs_en_gnu-cobol_2026-01.zim:https:::download.kiwix.org:zim:devdocs:devdocs_en_gnu-cobol_2026-01.zim.torrent
devdocs_en_gnu-fortran_2026-01.zim:798,720:https:::download.kiwix.org:zim:devdocs:devdocs_en_gnu-fortran_2026-01.zim:https:::download.kiwix.org:zim:devdocs:devdocs_en_gnu-fortran_2026-01.zim.torrent
devdocs_en_gnu-make_2026-01.zim:614,400:https:::download.kiwix.org:zim:devdocs:devdocs_en_gnu-make_2026-01.zim:https:::download.kiwix.org:zim:devdocs:devdocs_en_gnu-make_2026-01.zim.torrent
devdocs_en_gnuplot_2026-01.zim:656,384:https:::download.kiwix.org:zim:devdocs:devdocs_en_gnuplot_2026-01.zim:https:::download.kiwix.org:zim:devdocs:devdocs_en_gnuplot_2026-01.zim.torrent
devdocs_en_go_2026-01.zim:1,572,864:https:::download.kiwix.org:zim:devdocs:devdocs_en_go_2026-01.zim:https:::download.kiwix.org:zim:devdocs:devdocs_en_go_2026-01.zim.torrent
devdocs_en_godot_2026-01.zim:1,992,294:https:::download.kiwix.org:zim:devdocs:devdocs_en_godot_2026-01.zim:https:::download.kiwix.org:zim:devdocs:devdocs_en_godot_2026-01.zim.torrent
devdocs_en_graphite_2026-01.zim:486,400:https:::download.kiwix.org:zim:devdocs:devdocs_en_graphite_2026-01.zim:https:::download.kiwix.org:zim:devdocs:devdocs_en_graphite_2026-01.zim.torrent
devdocs_en_groovy_2026-01.zim:3,355,443:https:::download.kiwix.org:zim:devdocs:devdocs_en_groovy_2026-01.zim:https:::download.kiwix.org:zim:devdocs:devdocs_en_groovy_2026-01.zim.torrent
devdocs_en_grunt_2026-01.zim:381,952:https:::download.kiwix.org:zim:devdocs:devdocs_en_grunt_2026-01.zim:https:::download.kiwix.org:zim:devdocs:devdocs_en_grunt_2026-01.zim.torrent
devdocs_en_gtk_2026-01.zim:2,202,009:https:::download.kiwix.org:zim:devdocs:devdocs_en_gtk_2026-01.zim:https:::download.kiwix.org:zim:devdocs:devdocs_en_gtk_2026-01.zim.torrent
devdocs_en_hammerspoon_2026-01.zim:877,568:https:::download.kiwix.org:zim:devdocs:devdocs_en_hammerspoon_2026-01.zim:https:::download.kiwix.org:zim:devdocs:devdocs_en_hammerspoon_2026-01.zim.torrent
devdocs_en_handlebars_2026-01.zim:353,280:https:::download.kiwix.org:zim:devdocs:devdocs_en_handlebars_2026-01.zim:https:::download.kiwix.org:zim:devdocs:devdocs_en_handlebars_2026-01.zim.torrent
devdocs_en_hapi_2026-01.zim:380,928:https:::download.kiwix.org:zim:devdocs:devdocs_en_hapi_2026-01.zim:https:::download.kiwix.org:zim:devdocs:devdocs_en_hapi_2026-01.zim.torrent
devdocs_en_haproxy_2026-01.zim:848,896:https:::download.kiwix.org:zim:devdocs:devdocs_en_haproxy_2026-01.zim:https:::download.kiwix.org:zim:devdocs:devdocs_en_haproxy_2026-01.zim.torrent
devdocs_en_haskell_2026-01.zim:4,299,161:https:::download.kiwix.org:zim:devdocs:devdocs_en_haskell_2026-01.zim:https:::download.kiwix.org:zim:devdocs:devdocs_en_haskell_2026-01.zim.torrent
devdocs_en_haxe_2026-01.zim:684,032:https:::download.kiwix.org:zim:devdocs:devdocs_en_haxe_2026-01.zim:https:::download.kiwix.org:zim:devdocs:devdocs_en_haxe_2026-01.zim.torrent
devdocs_en_homebrew_2026-01.zim:964,608:https:::download.kiwix.org:zim:devdocs:devdocs_en_homebrew_2026-01.zim:https:::download.kiwix.org:zim:devdocs:devdocs_en_homebrew_2026-01.zim.torrent
devdocs_en_html_2026-01.zim:1,677,721:https:::download.kiwix.org:zim:devdocs:devdocs_en_html_2026-01.zim:https:::download.kiwix.org:zim:devdocs:devdocs_en_html_2026-01.zim.torrent
devdocs_en_htmx_2026-01.zim:430,080:https:::download.kiwix.org:zim:devdocs:devdocs_en_htmx_2026-01.zim:https:::download.kiwix.org:zim:devdocs:devdocs_en_htmx_2026-01.zim.torrent
devdocs_en_http_2026-01.zim:1,992,294:https:::download.kiwix.org:zim:devdocs:devdocs_en_http_2026-01.zim:https:::download.kiwix.org:zim:devdocs:devdocs_en_http_2026-01.zim.torrent
devdocs_en_i3_2026-02.zim:454,656:https:::download.kiwix.org:zim:devdocs:devdocs_en_i3_2026-02.zim:https:::download.kiwix.org:zim:devdocs:devdocs_en_i3_2026-02.zim.torrent
devdocs_en_immutable_2026-01.zim:393,216:https:::download.kiwix.org:zim:devdocs:devdocs_en_immutable_2026-01.zim:https:::download.kiwix.org:zim:devdocs:devdocs_en_immutable_2026-01.zim.torrent
devdocs_en_influxdata_2026-01.zim:1,887,436:https:::download.kiwix.org:zim:devdocs:devdocs_en_influxdata_2026-01.zim:https:::download.kiwix.org:zim:devdocs:devdocs_en_influxdata_2026-01.zim.torrent
devdocs_en_jasmine_2026-01.zim:352,256:https:::download.kiwix.org:zim:devdocs:devdocs_en_jasmine_2026-01.zim:https:::download.kiwix.org:zim:devdocs:devdocs_en_jasmine_2026-01.zim.torrent
devdocs_en_javascript_2026-01.zim:2,726,297:https:::download.kiwix.org:zim:devdocs:devdocs_en_javascript_2026-01.zim:https:::download.kiwix.org:zim:devdocs:devdocs_en_javascript_2026-01.zim.torrent
devdocs_en_jekyll_2026-01.zim:473,088:https:::download.kiwix.org:zim:devdocs:devdocs_en_jekyll_2026-01.zim:https:::download.kiwix.org:zim:devdocs:devdocs_en_jekyll_2026-01.zim.torrent
devdocs_en_jest_2026-01.zim:558,080:https:::download.kiwix.org:zim:devdocs:devdocs_en_jest_2026-01.zim:https:::download.kiwix.org:zim:devdocs:devdocs_en_jest_2026-01.zim.torrent
devdocs_en_jinja_2026-01.zim:446,464:https:::download.kiwix.org:zim:devdocs:devdocs_en_jinja_2026-01.zim:https:::download.kiwix.org:zim:devdocs:devdocs_en_jinja_2026-01.zim.torrent
devdocs_en_joi_2026-01.zim:374,784:https:::download.kiwix.org:zim:devdocs:devdocs_en_joi_2026-01.zim:https:::download.kiwix.org:zim:devdocs:devdocs_en_joi_2026-01.zim.torrent
devdocs_en_jq_2026-01.zim:375,808:https:::download.kiwix.org:zim:devdocs:devdocs_en_jq_2026-01.zim:https:::download.kiwix.org:zim:devdocs:devdocs_en_jq_2026-01.zim.torrent
devdocs_en_jquery_2026-01.zim:1,153,433:https:::download.kiwix.org:zim:devdocs:devdocs_en_jquery_2026-01.zim:https:::download.kiwix.org:zim:devdocs:devdocs_en_jquery_2026-01.zim.torrent
devdocs_en_jquerymobile_2026-01.zim:525,312:https:::download.kiwix.org:zim:devdocs:devdocs_en_jquerymobile_2026-01.zim:https:::download.kiwix.org:zim:devdocs:devdocs_en_jquerymobile_2026-01.zim.torrent
devdocs_en_jqueryui_2026-01.zim:462,848:https:::download.kiwix.org:zim:devdocs:devdocs_en_jqueryui_2026-01.zim:https:::download.kiwix.org:zim:devdocs:devdocs_en_jqueryui_2026-01.zim.torrent
devdocs_en_jsdoc_2026-01.zim:402,432:https:::download.kiwix.org:zim:devdocs:devdocs_en_jsdoc_2026-01.zim:https:::download.kiwix.org:zim:devdocs:devdocs_en_jsdoc_2026-01.zim.torrent
devdocs_en_julia_2026-02.zim:1,572,864:https:::download.kiwix.org:zim:devdocs:devdocs_en_julia_2026-02.zim:https:::download.kiwix.org:zim:devdocs:devdocs_en_julia_2026-02.zim.torrent
devdocs_en_knockout_2026-02.zim:481,280:https:::download.kiwix.org:zim:devdocs:devdocs_en_knockout_2026-02.zim:https:::download.kiwix.org:zim:devdocs:devdocs_en_knockout_2026-02.zim.torrent
devdocs_en_koa_2026-01.zim:420,864:https:::download.kiwix.org:zim:devdocs:devdocs_en_koa_2026-01.zim:https:::download.kiwix.org:zim:devdocs:devdocs_en_koa_2026-01.zim.torrent
devdocs_en_kotlin_2026-01.zim:8,178,892:https:::download.kiwix.org:zim:devdocs:devdocs_en_kotlin_2026-01.zim:https:::download.kiwix.org:zim:devdocs:devdocs_en_kotlin_2026-01.zim.torrent
devdocs_en_kubectl_2026-01.zim:365,568:https:::download.kiwix.org:zim:devdocs:devdocs_en_kubectl_2026-01.zim:https:::download.kiwix.org:zim:devdocs:devdocs_en_kubectl_2026-01.zim.torrent
devdocs_en_kubernetes_2026-01.zim:584,704:https:::download.kiwix.org:zim:devdocs:devdocs_en_kubernetes_2026-01.zim:https:::download.kiwix.org:zim:devdocs:devdocs_en_kubernetes_2026-01.zim.torrent
devdocs_en_laravel_2026-02.zim:3,879,731:https:::download.kiwix.org:zim:devdocs:devdocs_en_laravel_2026-02.zim:https:::download.kiwix.org:zim:devdocs:devdocs_en_laravel_2026-02.zim.torrent
devdocs_en_latex_2026-02.zim:785,408:https:::download.kiwix.org:zim:devdocs:devdocs_en_latex_2026-02.zim:https:::download.kiwix.org:zim:devdocs:devdocs_en_latex_2026-02.zim.torrent
devdocs_en_leaflet_2026-02.zim:413,696:https:::download.kiwix.org:zim:devdocs:devdocs_en_leaflet_2026-02.zim:https:::download.kiwix.org:zim:devdocs:devdocs_en_leaflet_2026-02.zim.torrent
devdocs_en_less_2026-01.zim:365,568:https:::download.kiwix.org:zim:devdocs:devdocs_en_less_2026-01.zim:https:::download.kiwix.org:zim:devdocs:devdocs_en_less_2026-01.zim.torrent
devdocs_en_liquid_2026-01.zim:350,208:https:::download.kiwix.org:zim:devdocs:devdocs_en_liquid_2026-01.zim:https:::download.kiwix.org:zim:devdocs:devdocs_en_liquid_2026-01.zim.torrent
devdocs_en_lodash_2026-01.zim:368,640:https:::download.kiwix.org:zim:devdocs:devdocs_en_lodash_2026-01.zim:https:::download.kiwix.org:zim:devdocs:devdocs_en_lodash_2026-01.zim.torrent
devdocs_en_love_2026-01.zim:1,572,864:https:::download.kiwix.org:zim:devdocs:devdocs_en_love_2026-01.zim:https:::download.kiwix.org:zim:devdocs:devdocs_en_love_2026-01.zim.torrent
devdocs_en_lua_2026-02.zim:428,032:https:::download.kiwix.org:zim:devdocs:devdocs_en_lua_2026-02.zim:https:::download.kiwix.org:zim:devdocs:devdocs_en_lua_2026-02.zim.torrent
devdocs_en_man_2026-01.zim:29,360,128:https:::download.kiwix.org:zim:devdocs:devdocs_en_man_2026-01.zim:https:::download.kiwix.org:zim:devdocs:devdocs_en_man_2026-01.zim.torrent
devdocs_en_mariadb_2026-01.zim:9,751,756:https:::download.kiwix.org:zim:devdocs:devdocs_en_mariadb_2026-01.zim:https:::download.kiwix.org:zim:devdocs:devdocs_en_mariadb_2026-01.zim.torrent
devdocs_en_marionette_2026-01.zim:406,528:https:::download.kiwix.org:zim:devdocs:devdocs_en_marionette_2026-01.zim:https:::download.kiwix.org:zim:devdocs:devdocs_en_marionette_2026-01.zim.torrent
devdocs_en_markdown_2026-01.zim:332,800:https:::download.kiwix.org:zim:devdocs:devdocs_en_markdown_2026-01.zim:https:::download.kiwix.org:zim:devdocs:devdocs_en_markdown_2026-01.zim.torrent
devdocs_en_matplotlib_2026-01.zim:32,505,856:https:::download.kiwix.org:zim:devdocs:devdocs_en_matplotlib_2026-01.zim:https:::download.kiwix.org:zim:devdocs:devdocs_en_matplotlib_2026-01.zim.torrent
devdocs_en_meteor_2026-01.zim:1,363,148:https:::download.kiwix.org:zim:devdocs:devdocs_en_meteor_2026-01.zim:https:::download.kiwix.org:zim:devdocs:devdocs_en_meteor_2026-01.zim.torrent
devdocs_en_minitest_2026-01.zim:374,784:https:::download.kiwix.org:zim:devdocs:devdocs_en_minitest_2026-01.zim:https:::download.kiwix.org:zim:devdocs:devdocs_en_minitest_2026-01.zim.torrent
devdocs_en_mocha_2026-01.zim:662,528:https:::download.kiwix.org:zim:devdocs:devdocs_en_mocha_2026-01.zim:https:::download.kiwix.org:zim:devdocs:devdocs_en_mocha_2026-01.zim.torrent
devdocs_en_modernizr_2026-01.zim:352,256:https:::download.kiwix.org:zim:devdocs:devdocs_en_modernizr_2026-01.zim:https:::download.kiwix.org:zim:devdocs:devdocs_en_modernizr_2026-01.zim.torrent
devdocs_en_moment-timezone_2026-02.zim:337,920:https:::download.kiwix.org:zim:devdocs:devdocs_en_moment-timezone_2026-02.zim:https:::download.kiwix.org:zim:devdocs:devdocs_en_moment-timezone_2026-02.zim.torrent
devdocs_en_moment_2026-01.zim:405,504:https:::download.kiwix.org:zim:devdocs:devdocs_en_moment_2026-01.zim:https:::download.kiwix.org:zim:devdocs:devdocs_en_moment_2026-01.zim.torrent
devdocs_en_mongoose_2026-01.zim:600,064:https:::download.kiwix.org:zim:devdocs:devdocs_en_mongoose_2026-01.zim:https:::download.kiwix.org:zim:devdocs:devdocs_en_mongoose_2026-01.zim.torrent
devdocs_en_nextjs_2026-01.zim:1,048,576:https:::download.kiwix.org:zim:devdocs:devdocs_en_nextjs_2026-01.zim:https:::download.kiwix.org:zim:devdocs:devdocs_en_nextjs_2026-01.zim.torrent
devdocs_en_nginx-lua-module_2026-02.zim:598,016:https:::download.kiwix.org:zim:devdocs:devdocs_en_nginx-lua-module_2026-02.zim:https:::download.kiwix.org:zim:devdocs:devdocs_en_nginx-lua-module_2026-02.zim.torrent
devdocs_en_nginx_2026-01.zim:816,128:https:::download.kiwix.org:zim:devdocs:devdocs_en_nginx_2026-01.zim:https:::download.kiwix.org:zim:devdocs:devdocs_en_nginx_2026-01.zim.torrent
devdocs_en_nim_2026-01.zim:2,097,152:https:::download.kiwix.org:zim:devdocs:devdocs_en_nim_2026-01.zim:https:::download.kiwix.org:zim:devdocs:devdocs_en_nim_2026-01.zim.torrent
devdocs_en_nix_2026-01.zim:400,384:https:::download.kiwix.org:zim:devdocs:devdocs_en_nix_2026-01.zim:https:::download.kiwix.org:zim:devdocs:devdocs_en_nix_2026-01.zim.torrent
devdocs_en_node_2026-02.zim:1,363,148:https:::download.kiwix.org:zim:devdocs:devdocs_en_node_2026-02.zim:https:::download.kiwix.org:zim:devdocs:devdocs_en_node_2026-02.zim.torrent
devdocs_en_nokogiri_2026-01.zim:461,824:https:::download.kiwix.org:zim:devdocs:devdocs_en_nokogiri_2026-01.zim:https:::download.kiwix.org:zim:devdocs:devdocs_en_nokogiri_2026-01.zim.torrent
devdocs_en_npm_2026-02.zim:664,576:https:::download.kiwix.org:zim:devdocs:devdocs_en_npm_2026-02.zim:https:::download.kiwix.org:zim:devdocs:devdocs_en_npm_2026-02.zim.torrent
devdocs_en_numpy_2026-01.zim:4,928,307:https:::download.kiwix.org:zim:devdocs:devdocs_en_numpy_2026-01.zim:https:::download.kiwix.org:zim:devdocs:devdocs_en_numpy_2026-01.zim.torrent
devdocs_en_nushell_2026-02.zim:690,176:https:::download.kiwix.org:zim:devdocs:devdocs_en_nushell_2026-02.zim:https:::download.kiwix.org:zim:devdocs:devdocs_en_nushell_2026-02.zim.torrent
devdocs_en_ocaml_2026-02.zim:1,782,579:https:::download.kiwix.org:zim:devdocs:devdocs_en_ocaml_2026-02.zim:https:::download.kiwix.org:zim:devdocs:devdocs_en_ocaml_2026-02.zim.torrent
devdocs_en_octave_2026-02.zim:2,097,152:https:::download.kiwix.org:zim:devdocs:devdocs_en_octave_2026-02.zim:https:::download.kiwix.org:zim:devdocs:devdocs_en_octave_2026-02.zim.torrent
devdocs_en_opengl_2026-01.zim:996,352:https:::download.kiwix.org:zim:devdocs:devdocs_en_opengl_2026-01.zim:https:::download.kiwix.org:zim:devdocs:devdocs_en_opengl_2026-01.zim.torrent
devdocs_en_openjdk_2026-02.zim:14,680,064:https:::download.kiwix.org:zim:devdocs:devdocs_en_openjdk_2026-02.zim:https:::download.kiwix.org:zim:devdocs:devdocs_en_openjdk_2026-02.zim.torrent
devdocs_en_openlayers_2025-12.zim:855,040:https:::download.kiwix.org:zim:devdocs:devdocs_en_openlayers_2025-12.zim:https:::download.kiwix.org:zim:devdocs:devdocs_en_openlayers_2025-12.zim.torrent
devdocs_en_opentsdb_2026-01.zim:581,632:https:::download.kiwix.org:zim:devdocs:devdocs_en_opentsdb_2026-01.zim:https:::download.kiwix.org:zim:devdocs:devdocs_en_opentsdb_2026-01.zim.torrent
devdocs_en_padrino_2026-01.zim:507,904:https:::download.kiwix.org:zim:devdocs:devdocs_en_padrino_2026-01.zim:https:::download.kiwix.org:zim:devdocs:devdocs_en_padrino_2026-01.zim.torrent
devdocs_en_pandas_2026-01.zim:4,928,307:https:::download.kiwix.org:zim:devdocs:devdocs_en_pandas_2026-01.zim:https:::download.kiwix.org:zim:devdocs:devdocs_en_pandas_2026-01.zim.torrent
devdocs_en_perl_2026-01.zim:5,033,164:https:::download.kiwix.org:zim:devdocs:devdocs_en_perl_2026-01.zim:https:::download.kiwix.org:zim:devdocs:devdocs_en_perl_2026-01.zim.torrent
devdocs_en_phalcon_2026-01.zim:1,048,576:https:::download.kiwix.org:zim:devdocs:devdocs_en_phalcon_2026-01.zim:https:::download.kiwix.org:zim:devdocs:devdocs_en_phalcon_2026-01.zim.torrent
devdocs_en_phaser_2026-01.zim:939,008:https:::download.kiwix.org:zim:devdocs:devdocs_en_phaser_2026-01.zim:https:::download.kiwix.org:zim:devdocs:devdocs_en_phaser_2026-01.zim.torrent
devdocs_en_phoenix_2026-01.zim:1,258,291:https:::download.kiwix.org:zim:devdocs:devdocs_en_phoenix_2026-01.zim:https:::download.kiwix.org:zim:devdocs:devdocs_en_phoenix_2026-01.zim.torrent
devdocs_en_php_2026-02.zim:7,130,316:https:::download.kiwix.org:zim:devdocs:devdocs_en_php_2026-02.zim:https:::download.kiwix.org:zim:devdocs:devdocs_en_php_2026-02.zim.torrent
devdocs_en_phpunit_2026-02.zim:436,224:https:::download.kiwix.org:zim:devdocs:devdocs_en_phpunit_2026-02.zim:https:::download.kiwix.org:zim:devdocs:devdocs_en_phpunit_2026-02.zim.torrent
devdocs_en_playwright_2026-01.zim:826,368:https:::download.kiwix.org:zim:devdocs:devdocs_en_playwright_2026-01.zim:https:::download.kiwix.org:zim:devdocs:devdocs_en_playwright_2026-01.zim.torrent
devdocs_en_point-cloud-library_2026-01.zim:9,961,472:https:::download.kiwix.org:zim:devdocs:devdocs_en_point-cloud-library_2026-01.zim:https:::download.kiwix.org:zim:devdocs:devdocs_en_point-cloud-library_2026-01.zim.torrent
devdocs_en_pony_2026-01.zim:770,048:https:::download.kiwix.org:zim:devdocs:devdocs_en_pony_2026-01.zim:https:::download.kiwix.org:zim:devdocs:devdocs_en_pony_2026-01.zim.torrent
devdocs_en_postgresql_2026-02.zim:2,621,440:https:::download.kiwix.org:zim:devdocs:devdocs_en_postgresql_2026-02.zim:https:::download.kiwix.org:zim:devdocs:devdocs_en_postgresql_2026-02.zim.torrent
devdocs_en_prettier_2026-01.zim:448,512:https:::download.kiwix.org:zim:devdocs:devdocs_en_prettier_2026-01.zim:https:::download.kiwix.org:zim:devdocs:devdocs_en_prettier_2026-01.zim.torrent
devdocs_en_pug_2026-01.zim:355,328:https:::download.kiwix.org:zim:devdocs:devdocs_en_pug_2026-01.zim:https:::download.kiwix.org:zim:devdocs:devdocs_en_pug_2026-01.zim.torrent
devdocs_en_puppeteer_2026-01.zim:395,264:https:::download.kiwix.org:zim:devdocs:devdocs_en_puppeteer_2026-01.zim:https:::download.kiwix.org:zim:devdocs:devdocs_en_puppeteer_2026-01.zim.torrent
devdocs_en_pygame_2026-01.zim:555,008:https:::download.kiwix.org:zim:devdocs:devdocs_en_pygame_2026-01.zim:https:::download.kiwix.org:zim:devdocs:devdocs_en_pygame_2026-01.zim.torrent
devdocs_en_python_2026-02.zim:4,299,161:https:::download.kiwix.org:zim:devdocs:devdocs_en_python_2026-02.zim:https:::download.kiwix.org:zim:devdocs:devdocs_en_python_2026-02.zim.torrent
devdocs_en_pytorch_2025-04.zim:3,145,728:https:::download.kiwix.org:zim:devdocs:devdocs_en_pytorch_2025-04.zim:https:::download.kiwix.org:zim:devdocs:devdocs_en_pytorch_2025-04.zim.torrent
devdocs_en_q_2026-01.zim:335,872:https:::download.kiwix.org:zim:devdocs:devdocs_en_q_2026-01.zim:https:::download.kiwix.org:zim:devdocs:devdocs_en_q_2026-01.zim.torrent
devdocs_en_qt_2025-10.zim:46,137,344:https:::download.kiwix.org:zim:devdocs:devdocs_en_qt_2025-10.zim:https:::download.kiwix.org:zim:devdocs:devdocs_en_qt_2025-10.zim.torrent
devdocs_en_qunit_2026-01.zim:448,512:https:::download.kiwix.org:zim:devdocs:devdocs_en_qunit_2026-01.zim:https:::download.kiwix.org:zim:devdocs:devdocs_en_qunit_2026-01.zim.torrent
devdocs_en_r_2026-01.zim:4,928,307:https:::download.kiwix.org:zim:devdocs:devdocs_en_r_2026-01.zim:https:::download.kiwix.org:zim:devdocs:devdocs_en_r_2026-01.zim.torrent
devdocs_en_rails_2026-01.zim:2,726,297:https:::download.kiwix.org:zim:devdocs:devdocs_en_rails_2026-01.zim:https:::download.kiwix.org:zim:devdocs:devdocs_en_rails_2026-01.zim.torrent
devdocs_en_ramda_2026-01.zim:385,024:https:::download.kiwix.org:zim:devdocs:devdocs_en_ramda_2026-01.zim:https:::download.kiwix.org:zim:devdocs:devdocs_en_ramda_2026-01.zim.torrent
devdocs_en_react-bootstrap_2026-01.zim:421,888:https:::download.kiwix.org:zim:devdocs:devdocs_en_react-bootstrap_2026-01.zim:https:::download.kiwix.org:zim:devdocs:devdocs_en_react-bootstrap_2026-01.zim.torrent
devdocs_en_react-native_2026-01.zim:2,097,152:https:::download.kiwix.org:zim:devdocs:devdocs_en_react-native_2026-01.zim:https:::download.kiwix.org:zim:devdocs:devdocs_en_react-native_2026-01.zim.torrent
devdocs_en_react-router_2026-01.zim:496,640:https:::download.kiwix.org:zim:devdocs:devdocs_en_react-router_2026-01.zim:https:::download.kiwix.org:zim:devdocs:devdocs_en_react-router_2026-01.zim.torrent
devdocs_en_react_2026-02.zim:2,726,297:https:::download.kiwix.org:zim:devdocs:devdocs_en_react_2026-02.zim:https:::download.kiwix.org:zim:devdocs:devdocs_en_react_2026-02.zim.torrent
devdocs_en_reactivex_2026-01.zim:490,496:https:::download.kiwix.org:zim:devdocs:devdocs_en_reactivex_2026-01.zim:https:::download.kiwix.org:zim:devdocs:devdocs_en_reactivex_2026-01.zim.torrent
devdocs_en_redis_2026-01.zim:873,472:https:::download.kiwix.org:zim:devdocs:devdocs_en_redis_2026-01.zim:https:::download.kiwix.org:zim:devdocs:devdocs_en_redis_2026-01.zim.torrent
devdocs_en_redux_2026-01.zim:337,920:https:::download.kiwix.org:zim:devdocs:devdocs_en_redux_2026-01.zim:https:::download.kiwix.org:zim:devdocs:devdocs_en_redux_2026-01.zim.torrent
devdocs_en_relay_2026-02.zim:380,928:https:::download.kiwix.org:zim:devdocs:devdocs_en_relay_2026-02.zim:https:::download.kiwix.org:zim:devdocs:devdocs_en_relay_2026-02.zim.torrent
devdocs_en_requests_2026-01.zim:353,280:https:::download.kiwix.org:zim:devdocs:devdocs_en_requests_2026-01.zim:https:::download.kiwix.org:zim:devdocs:devdocs_en_requests_2026-01.zim.torrent
devdocs_en_requirejs_2026-01.zim:389,120:https:::download.kiwix.org:zim:devdocs:devdocs_en_requirejs_2026-01.zim:https:::download.kiwix.org:zim:devdocs:devdocs_en_requirejs_2026-01.zim.torrent
devdocs_en_rethinkdb_2026-01.zim:1,677,721:https:::download.kiwix.org:zim:devdocs:devdocs_en_rethinkdb_2026-01.zim:https:::download.kiwix.org:zim:devdocs:devdocs_en_rethinkdb_2026-01.zim.torrent
devdocs_en_ruby_2026-01.zim:3,040,870:https:::download.kiwix.org:zim:devdocs:devdocs_en_ruby_2026-01.zim:https:::download.kiwix.org:zim:devdocs:devdocs_en_ruby_2026-01.zim.torrent
devdocs_en_rust_2026-01.zim:5,976,883:https:::download.kiwix.org:zim:devdocs:devdocs_en_rust_2026-01.zim:https:::download.kiwix.org:zim:devdocs:devdocs_en_rust_2026-01.zim.torrent
devdocs_en_rxjs_2026-02.zim:1,363,148:https:::download.kiwix.org:zim:devdocs:devdocs_en_rxjs_2026-02.zim:https:::download.kiwix.org:zim:devdocs:devdocs_en_rxjs_2026-02.zim.torrent
devdocs_en_saltstack_2026-01.zim:3,040,870:https:::download.kiwix.org:zim:devdocs:devdocs_en_saltstack_2026-01.zim:https:::download.kiwix.org:zim:devdocs:devdocs_en_saltstack_2026-01.zim.torrent
devdocs_en_sanctuary-def_2026-01.zim:317,440:https:::download.kiwix.org:zim:devdocs:devdocs_en_sanctuary-def_2026-01.zim:https:::download.kiwix.org:zim:devdocs:devdocs_en_sanctuary-def_2026-01.zim.torrent
devdocs_en_sanctuary_2026-01.zim:356,352:https:::download.kiwix.org:zim:devdocs:devdocs_en_sanctuary_2026-01.zim:https:::download.kiwix.org:zim:devdocs:devdocs_en_sanctuary_2026-01.zim.torrent
devdocs_en_sass_2026-02.zim:654,336:https:::download.kiwix.org:zim:devdocs:devdocs_en_sass_2026-02.zim:https:::download.kiwix.org:zim:devdocs:devdocs_en_sass_2026-02.zim.torrent
devdocs_en_scala_2026-01.zim:3,984,588:https:::download.kiwix.org:zim:devdocs:devdocs_en_scala_2026-01.zim:https:::download.kiwix.org:zim:devdocs:devdocs_en_scala_2026-01.zim.torrent
devdocs_en_scikit-image_2026-01.zim:11,534,336:https:::download.kiwix.org:zim:devdocs:devdocs_en_scikit-image_2026-01.zim:https:::download.kiwix.org:zim:devdocs:devdocs_en_scikit-image_2026-01.zim.torrent
devdocs_en_scikit-learn_2026-01.zim:56,623,104:https:::download.kiwix.org:zim:devdocs:devdocs_en_scikit-learn_2026-01.zim:https:::download.kiwix.org:zim:devdocs:devdocs_en_scikit-learn_2026-01.zim.torrent
devdocs_en_sequelize_2026-01.zim:533,504:https:::download.kiwix.org:zim:devdocs:devdocs_en_sequelize_2026-01.zim:https:::download.kiwix.org:zim:devdocs:devdocs_en_sequelize_2026-01.zim.torrent
devdocs_en_sinon_2026-02.zim:361,472:https:::download.kiwix.org:zim:devdocs:devdocs_en_sinon_2026-02.zim:https:::download.kiwix.org:zim:devdocs:devdocs_en_sinon_2026-02.zim.torrent
devdocs_en_socketio_2026-01.zim:1,153,433:https:::download.kiwix.org:zim:devdocs:devdocs_en_socketio_2026-01.zim:https:::download.kiwix.org:zim:devdocs:devdocs_en_socketio_2026-01.zim.torrent
devdocs_en_spring-boot_2026-01.zim:832,512:https:::download.kiwix.org:zim:devdocs:devdocs_en_spring-boot_2026-01.zim:https:::download.kiwix.org:zim:devdocs:devdocs_en_spring-boot_2026-01.zim.torrent
devdocs_en_sqlite_2026-01.zim:3,565,158:https:::download.kiwix.org:zim:devdocs:devdocs_en_sqlite_2026-01.zim:https:::download.kiwix.org:zim:devdocs:devdocs_en_sqlite_2026-01.zim.torrent
devdocs_en_statsmodels_2026-02.zim:8,388,608:https:::download.kiwix.org:zim:devdocs:devdocs_en_statsmodels_2026-02.zim:https:::download.kiwix.org:zim:devdocs:devdocs_en_statsmodels_2026-02.zim.torrent
devdocs_en_svelte_2026-01.zim:543,744:https:::download.kiwix.org:zim:devdocs:devdocs_en_svelte_2026-01.zim:https:::download.kiwix.org:zim:devdocs:devdocs_en_svelte_2026-01.zim.torrent
devdocs_en_svg_2026-01.zim:887,808:https:::download.kiwix.org:zim:devdocs:devdocs_en_svg_2026-01.zim:https:::download.kiwix.org:zim:devdocs:devdocs_en_svg_2026-01.zim.torrent
devdocs_en_symfony_2026-01.zim:3,040,870:https:::download.kiwix.org:zim:devdocs:devdocs_en_symfony_2026-01.zim:https:::download.kiwix.org:zim:devdocs:devdocs_en_symfony_2026-01.zim.torrent
devdocs_en_tailwindcss_2026-02.zim:567,296:https:::download.kiwix.org:zim:devdocs:devdocs_en_tailwindcss_2026-02.zim:https:::download.kiwix.org:zim:devdocs:devdocs_en_tailwindcss_2026-02.zim.torrent
devdocs_en_tcl-tk_2025-07.zim:1,153,433:https:::download.kiwix.org:zim:devdocs:devdocs_en_tcl-tk_2025-07.zim:https:::download.kiwix.org:zim:devdocs:devdocs_en_tcl-tk_2025-07.zim.torrent
devdocs_en_tensorflow-cpp_2026-02.zim:1,468,006:https:::download.kiwix.org:zim:devdocs:devdocs_en_tensorflow-cpp_2026-02.zim:https:::download.kiwix.org:zim:devdocs:devdocs_en_tensorflow-cpp_2026-02.zim.torrent
devdocs_en_tensorflow_2026-02.zim:6,291,456:https:::download.kiwix.org:zim:devdocs:devdocs_en_tensorflow_2026-02.zim:https:::download.kiwix.org:zim:devdocs:devdocs_en_tensorflow_2026-02.zim.torrent
devdocs_en_terraform_2026-01.zim:3,145,728:https:::download.kiwix.org:zim:devdocs:devdocs_en_terraform_2026-01.zim:https:::download.kiwix.org:zim:devdocs:devdocs_en_terraform_2026-01.zim.torrent
devdocs_en_threejs_2025-12.zim:878,592:https:::download.kiwix.org:zim:devdocs:devdocs_en_threejs_2025-12.zim:https:::download.kiwix.org:zim:devdocs:devdocs_en_threejs_2025-12.zim.torrent
devdocs_en_trio_2026-01.zim:488,448:https:::download.kiwix.org:zim:devdocs:devdocs_en_trio_2026-01.zim:https:::download.kiwix.org:zim:devdocs:devdocs_en_trio_2026-01.zim.torrent
devdocs_en_twig_2026-01.zim:437,248:https:::download.kiwix.org:zim:devdocs:devdocs_en_twig_2026-01.zim:https:::download.kiwix.org:zim:devdocs:devdocs_en_twig_2026-01.zim.torrent
devdocs_en_typescript_2026-01.zim:1,153,433:https:::download.kiwix.org:zim:devdocs:devdocs_en_typescript_2026-01.zim:https:::download.kiwix.org:zim:devdocs:devdocs_en_typescript_2026-01.zim.torrent
devdocs_en_underscore_2026-01.zim:339,968:https:::download.kiwix.org:zim:devdocs:devdocs_en_underscore_2026-01.zim:https:::download.kiwix.org:zim:devdocs:devdocs_en_underscore_2026-01.zim.torrent
devdocs_en_vagrant_2026-01.zim:553,984:https:::download.kiwix.org:zim:devdocs:devdocs_en_vagrant_2026-01.zim:https:::download.kiwix.org:zim:devdocs:devdocs_en_vagrant_2026-01.zim.torrent
devdocs_en_varnish_2026-01.zim:651,264:https:::download.kiwix.org:zim:devdocs:devdocs_en_varnish_2026-01.zim:https:::download.kiwix.org:zim:devdocs:devdocs_en_varnish_2026-01.zim.torrent
devdocs_en_vite_2026-01.zim:494,592:https:::download.kiwix.org:zim:devdocs:devdocs_en_vite_2026-01.zim:https:::download.kiwix.org:zim:devdocs:devdocs_en_vite_2026-01.zim.torrent
devdocs_en_vitest_2026-01.zim:578,560:https:::download.kiwix.org:zim:devdocs:devdocs_en_vitest_2026-01.zim:https:::download.kiwix.org:zim:devdocs:devdocs_en_vitest_2026-01.zim.torrent
devdocs_en_vue-router_2026-01.zim:428,032:https:::download.kiwix.org:zim:devdocs:devdocs_en_vue-router_2026-01.zim:https:::download.kiwix.org:zim:devdocs:devdocs_en_vue-router_2026-01.zim.torrent
devdocs_en_vue_2026-02.zim:973,824:https:::download.kiwix.org:zim:devdocs:devdocs_en_vue_2026-02.zim:https:::download.kiwix.org:zim:devdocs:devdocs_en_vue_2026-02.zim.torrent
devdocs_en_vueuse_2026-01.zim:711,680:https:::download.kiwix.org:zim:devdocs:devdocs_en_vueuse_2026-01.zim:https:::download.kiwix.org:zim:devdocs:devdocs_en_vueuse_2026-01.zim.torrent
devdocs_en_vuex_2026-02.zim:380,928:https:::download.kiwix.org:zim:devdocs:devdocs_en_vuex_2026-02.zim:https:::download.kiwix.org:zim:devdocs:devdocs_en_vuex_2026-02.zim.torrent
devdocs_en_vulkan_2026-01.zim:545,792:https:::download.kiwix.org:zim:devdocs:devdocs_en_vulkan_2026-01.zim:https:::download.kiwix.org:zim:devdocs:devdocs_en_vulkan_2026-01.zim.torrent
devdocs_en_wagtail_2026-01.zim:1,363,148:https:::download.kiwix.org:zim:devdocs:devdocs_en_wagtail_2026-01.zim:https:::download.kiwix.org:zim:devdocs:devdocs_en_wagtail_2026-01.zim.torrent
devdocs_en_web-extensions_2026-01.zim:4,194,304:https:::download.kiwix.org:zim:devdocs:devdocs_en_web-extensions_2026-01.zim:https:::download.kiwix.org:zim:devdocs:devdocs_en_web-extensions_2026-01.zim.torrent
devdocs_en_webpack_2026-02.zim:787,456:https:::download.kiwix.org:zim:devdocs:devdocs_en_webpack_2026-02.zim:https:::download.kiwix.org:zim:devdocs:devdocs_en_webpack_2026-02.zim.torrent
devdocs_en_werkzeug_2026-01.zim:501,760:https:::download.kiwix.org:zim:devdocs:devdocs_en_werkzeug_2026-01.zim:https:::download.kiwix.org:zim:devdocs:devdocs_en_werkzeug_2026-01.zim.torrent
devdocs_en_wordpress_2026-01.zim:12,582,912:https:::download.kiwix.org:zim:devdocs:devdocs_en_wordpress_2026-01.zim:https:::download.kiwix.org:zim:devdocs:devdocs_en_wordpress_2026-01.zim.torrent
devdocs_en_xslt-xpath_2026-01.zim:428,032:https:::download.kiwix.org:zim:devdocs:devdocs_en_xslt-xpath_2026-01.zim:https:::download.kiwix.org:zim:devdocs:devdocs_en_xslt-xpath_2026-01.zim.torrent
devdocs_en_yarn_2026-01.zim:608,256:https:::download.kiwix.org:zim:devdocs:devdocs_en_yarn_2026-01.zim:https:::download.kiwix.org:zim:devdocs:devdocs_en_yarn_2026-01.zim.torrent
devdocs_en_yii_2026-01.zim:2,097,152:https:::download.kiwix.org:zim:devdocs:devdocs_en_yii_2026-01.zim:https:::download.kiwix.org:zim:devdocs:devdocs_en_yii_2026-01.zim.torrent
devdocs_en_zig_2026-02.zim:487,424:https:::download.kiwix.org:zim:devdocs:devdocs_en_zig_2026-02.zim:https:::download.kiwix.org:zim:devdocs:devdocs_en_zig_2026-02.zim.torrent
devhints.io_en_all_2026-03.zim:3,984,588:https:::download.kiwix.org:zim:zimit:devhints.io_en_all_2026-03.zim:https:::download.kiwix.org:zim:zimit:devhints.io_en_all_2026-03.zim.torrent
devops.stackexchange.com_en_all_2026-02.zim:34,603,008:https:::download.kiwix.org:zim:stack_exchange:devops.stackexchange.com_en_all_2026-02.zim:https:::download.kiwix.org:zim:stack_exchange:devops.stackexchange.com_en_all_2026-02.zim.torrent
diksha-std5ssc_en_2020-11.zim:1,288,490,188:https:::download.kiwix.org:zim:other:diksha-std5ssc_en_2020-11.zim:https:::download.kiwix.org:zim:other:diksha-std5ssc_en_2020-11.zim.torrent
diy.stackexchange.com_en_all_2026-02.zim:2,040,109,465:https:::download.kiwix.org:zim:stack_exchange:diy.stackexchange.com_en_all_2026-02.zim:https:::download.kiwix.org:zim:stack_exchange:diy.stackexchange.com_en_all_2026-02.zim.torrent
docs.python.org_en_2025-09.zim:2,469,606,195:https:::download.kiwix.org:zim:zimit:docs.python.org_en_2025-09.zim:https:::download.kiwix.org:zim:zimit:docs.python.org_en_2025-09.zim.torrent
drones.stackexchange.com_en_all_2026-02.zim:12,582,912:https:::download.kiwix.org:zim:stack_exchange:drones.stackexchange.com_en_all_2026-02.zim:https:::download.kiwix.org:zim:stack_exchange:drones.stackexchange.com_en_all_2026-02.zim.torrent
drupal.stackexchange.com_en_all_2026-02.zim:428,867,584:https:::download.kiwix.org:zim:stack_exchange:drupal.stackexchange.com_en_all_2026-02.zim:https:::download.kiwix.org:zim:stack_exchange:drupal.stackexchange.com_en_all_2026-02.zim.torrent
dsp.stackexchange.com_en_all_2026-02.zim:377,487,360:https:::download.kiwix.org:zim:stack_exchange:dsp.stackexchange.com_en_all_2026-02.zim:https:::download.kiwix.org:zim:stack_exchange:dsp.stackexchange.com_en_all_2026-02.zim.torrent
earthscience.stackexchange.com_en_all_2026-02.zim:132,120,576:https:::download.kiwix.org:zim:stack_exchange:earthscience.stackexchange.com_en_all_2026-02.zim:https:::download.kiwix.org:zim:stack_exchange:earthscience.stackexchange.com_en_all_2026-02.zim.torrent
ebooks.stackexchange.com_en_all_2026-02.zim:14,680,064:https:::download.kiwix.org:zim:stack_exchange:ebooks.stackexchange.com_en_all_2026-02.zim:https:::download.kiwix.org:zim:stack_exchange:ebooks.stackexchange.com_en_all_2026-02.zim.torrent
economics.stackexchange.com_en_all_2026-02.zim:114,294,784:https:::download.kiwix.org:zim:stack_exchange:economics.stackexchange.com_en_all_2026-02.zim:https:::download.kiwix.org:zim:stack_exchange:economics.stackexchange.com_en_all_2026-02.zim.torrent
edu.gcfglobal.org_en_all_2024-12.zim:5,583,457,484:https:::download.kiwix.org:zim:zimit:edu.gcfglobal.org_en_all_2024-12.zim:https:::download.kiwix.org:zim:zimit:edu.gcfglobal.org_en_all_2024-12.zim.torrent
edutechwiki_en_all_maxi_2026-01.zim:59,768,832:https:::download.kiwix.org:zim:other:edutechwiki_en_all_maxi_2026-01.zim:https:::download.kiwix.org:zim:other:edutechwiki_en_all_maxi_2026-01.zim.torrent
electronics.stackexchange.com_en_all_2026-02.zim:4,187,593,113:https:::download.kiwix.org:zim:stack_exchange:electronics.stackexchange.com_en_all_2026-02.zim:https:::download.kiwix.org:zim:stack_exchange:electronics.stackexchange.com_en_all_2026-02.zim.torrent
elementaryos.stackexchange.com_en_all_2026-02.zim:56,623,104:https:::download.kiwix.org:zim:stack_exchange:elementaryos.stackexchange.com_en_all_2026-02.zim:https:::download.kiwix.org:zim:stack_exchange:elementaryos.stackexchange.com_en_all_2026-02.zim.torrent
ell.stackexchange.com_en_all_2026-02.zim:471,859,200:https:::download.kiwix.org:zim:stack_exchange:ell.stackexchange.com_en_all_2026-02.zim:https:::download.kiwix.org:zim:stack_exchange:ell.stackexchange.com_en_all_2026-02.zim.torrent
emacs.stackexchange.com_en_all_2026-02.zim:152,043,520:https:::download.kiwix.org:zim:stack_exchange:emacs.stackexchange.com_en_all_2026-02.zim:https:::download.kiwix.org:zim:stack_exchange:emacs.stackexchange.com_en_all_2026-02.zim.torrent
encyclopedie-environnement.org_en_2025-06.zim:5,153,960,755:https:::download.kiwix.org:zim:zimit:encyclopedie-environnement.org_en_2025-06.zim:https:::download.kiwix.org:zim:zimit:encyclopedie-environnement.org_en_2025-06.zim.torrent
energypedia_en_all_maxi_2025-12.zim:799,014,912:https:::download.kiwix.org:zim:other:energypedia_en_all_maxi_2025-12.zim:https:::download.kiwix.org:zim:other:energypedia_en_all_maxi_2025-12.zim.torrent
engineering.stackexchange.com_en_all_2026-02.zim:253,755,392:https:::download.kiwix.org:zim:stack_exchange:engineering.stackexchange.com_en_all_2026-02.zim:https:::download.kiwix.org:zim:stack_exchange:engineering.stackexchange.com_en_all_2026-02.zim.torrent
english.stackexchange.com_en_all_2026-02.zim:765,460,480:https:::download.kiwix.org:zim:stack_exchange:english.stackexchange.com_en_all_2026-02.zim:https:::download.kiwix.org:zim:stack_exchange:english.stackexchange.com_en_all_2026-02.zim.torrent
eosio.stackexchange.com_en_all_2026-02.zim:12,582,912:https:::download.kiwix.org:zim:stack_exchange:eosio.stackexchange.com_en_all_2026-02.zim:https:::download.kiwix.org:zim:stack_exchange:eosio.stackexchange.com_en_all_2026-02.zim.torrent
ethanweed_en_all_2025-11.zim:8,388,608:https:::download.kiwix.org:zim:zimit:ethanweed_en_all_2025-11.zim:https:::download.kiwix.org:zim:zimit:ethanweed_en_all_2025-11.zim.torrent
ethereum.stackexchange.com_en_all_2026-02.zim:282,066,944:https:::download.kiwix.org:zim:stack_exchange:ethereum.stackexchange.com_en_all_2026-02.zim:https:::download.kiwix.org:zim:stack_exchange:ethereum.stackexchange.com_en_all_2026-02.zim.torrent
evageeks_en_all_maxi_2022-11.zim:17,825,792:https:::download.kiwix.org:zim:other:evageeks_en_all_maxi_2022-11.zim:https:::download.kiwix.org:zim:other:evageeks_en_all_maxi_2022-11.zim.torrent
expatriates.stackexchange.com_en_all_2025-12.zim:42,991,616:https:::download.kiwix.org:zim:stack_exchange:expatriates.stackexchange.com_en_all_2025-12.zim:https:::download.kiwix.org:zim:stack_exchange:expatriates.stackexchange.com_en_all_2025-12.zim.torrent
explainxkcd_en_all_maxi_2026-02.zim:158,334,976:https:::download.kiwix.org:zim:other:explainxkcd_en_all_maxi_2026-02.zim:https:::download.kiwix.org:zim:other:explainxkcd_en_all_maxi_2026-02.zim.torrent
expressionengine.stackexchange.com_en_all_2026-02.zim:50,331,648:https:::download.kiwix.org:zim:stack_exchange:expressionengine.stackexchange.com_en_all_2026-02.zim:https:::download.kiwix.org:zim:stack_exchange:expressionengine.stackexchange.com_en_all_2026-02.zim.torrent
fas-military-medicine_en_2025-06.zim:81,788,928:https:::download.kiwix.org:zim:zimit:fas-military-medicine_en_2025-06.zim:https:::download.kiwix.org:zim:zimit:fas-military-medicine_en_2025-06.zim.torrent
finiki_en_all_maxi_2024-06.zim:4,089,446:https:::download.kiwix.org:zim:other:finiki_en_all_maxi_2024-06.zim:https:::download.kiwix.org:zim:other:finiki_en_all_maxi_2024-06.zim.torrent
fitness.stackexchange.com_en_all_2026-02.zim:79,691,776:https:::download.kiwix.org:zim:stack_exchange:fitness.stackexchange.com_en_all_2026-02.zim:https:::download.kiwix.org:zim:stack_exchange:fitness.stackexchange.com_en_all_2026-02.zim.torrent
folgerpedia.folger.edu_en_all_2026-03.zim:4,187,593,113:https:::download.kiwix.org:zim:other:folgerpedia.folger.edu_en_all_2026-03.zim:https:::download.kiwix.org:zim:other:folgerpedia.folger.edu_en_all_2026-03.zim.torrent
footballdatabase.com_en_all_2026-03.zim:113,246,208:https:::download.kiwix.org:zim:other:footballdatabase.com_en_all_2026-03.zim:https:::download.kiwix.org:zim:other:footballdatabase.com_en_all_2026-03.zim.torrent
foss.cooking_en_all_2026-02.zim:24,117,248:https:::download.kiwix.org:zim:zimit:foss.cooking_en_all_2026-02.zim:https:::download.kiwix.org:zim:zimit:foss.cooking_en_all_2026-02.zim.torrent
frackinuniverse_en_all_maxi_2026-02.zim:34,603,008:https:::download.kiwix.org:zim:other:frackinuniverse_en_all_maxi_2026-02.zim:https:::download.kiwix.org:zim:other:frackinuniverse_en_all_maxi_2026-02.zim.torrent
freecodecamp_en_all_2026-02.zim:7,969,177:https:::download.kiwix.org:zim:freecodecamp:freecodecamp_en_all_2026-02.zim:https:::download.kiwix.org:zim:freecodecamp:freecodecamp_en_all_2026-02.zim.torrent
freecodecamp_en_coding-interview-prep_2026-02.zim:6,710,886:https:::download.kiwix.org:zim:freecodecamp:freecodecamp_en_coding-interview-prep_2026-02.zim:https:::download.kiwix.org:zim:freecodecamp:freecodecamp_en_coding-interview-prep_2026-02.zim.torrent
freecodecamp_en_javascript-algorithms-and-data-structures_2026-02.zim:7,025,459:https:::download.kiwix.org:zim:freecodecamp:freecodecamp_en_javascript-algorithms-and-data-structures_2026-02.zim:https:::download.kiwix.org:zim:freecodecamp:freecodecamp_en_javascript-algorithms-and-data-structures_2026-02.zim.torrent
freecodecamp_en_project-euler_2026-02.zim:7,235,174:https:::download.kiwix.org:zim:freecodecamp:freecodecamp_en_project-euler_2026-02.zim:https:::download.kiwix.org:zim:freecodecamp:freecodecamp_en_project-euler_2026-02.zim.torrent
freecodecamp_en_rosetta-code_2026-02.zim:6,920,601:https:::download.kiwix.org:zim:freecodecamp:freecodecamp_en_rosetta-code_2026-02.zim:https:::download.kiwix.org:zim:freecodecamp:freecodecamp_en_rosetta-code_2026-02.zim.torrent
freelancing.stackexchange.com_en_all_2026-02.zim:13,631,488:https:::download.kiwix.org:zim:stack_exchange:freelancing.stackexchange.com_en_all_2026-02.zim:https:::download.kiwix.org:zim:stack_exchange:freelancing.stackexchange.com_en_all_2026-02.zim.torrent
fretmap.app_en_all_2024-10.zim:52,428,800:https:::download.kiwix.org:zim:zimit:fretmap.app_en_all_2024-10.zim:https:::download.kiwix.org:zim:zimit:fretmap.app_en_all_2024-10.zim.torrent
gamedev.stackexchange.com_en_all_2026-02.zim:532,676,608:https:::download.kiwix.org:zim:stack_exchange:gamedev.stackexchange.com_en_all_2026-02.zim:https:::download.kiwix.org:zim:stack_exchange:gamedev.stackexchange.com_en_all_2026-02.zim.torrent
gaming.stackexchange.com_en_all_2026-02.zim:808,452,096:https:::download.kiwix.org:zim:stack_exchange:gaming.stackexchange.com_en_all_2026-02.zim:https:::download.kiwix.org:zim:stack_exchange:gaming.stackexchange.com_en_all_2026-02.zim.torrent
gardening.stackexchange.com_en_all_2026-02.zim:924,844,032:https:::download.kiwix.org:zim:stack_exchange:gardening.stackexchange.com_en_all_2026-02.zim:https:::download.kiwix.org:zim:stack_exchange:gardening.stackexchange.com_en_all_2026-02.zim.torrent
genai.stackexchange.com_en_all_2026-02.zim:10,485,760:https:::download.kiwix.org:zim:stack_exchange:genai.stackexchange.com_en_all_2026-02.zim:https:::download.kiwix.org:zim:stack_exchange:genai.stackexchange.com_en_all_2026-02.zim.torrent
genealogy.stackexchange.com_en_all_2026-02.zim:63,963,136:https:::download.kiwix.org:zim:stack_exchange:genealogy.stackexchange.com_en_all_2026-02.zim:https:::download.kiwix.org:zim:stack_exchange:genealogy.stackexchange.com_en_all_2026-02.zim.torrent
genomicseducation_en_all_2025-12.zim:670,040,064:https:::download.kiwix.org:zim:videos:genomicseducation_en_all_2025-12.zim:https:::download.kiwix.org:zim:videos:genomicseducation_en_all_2025-12.zim.torrent
gentoo_en_all_maxi_2021-03.zim:72,351,744:https:::download.kiwix.org:zim:other:gentoo_en_all_maxi_2021-03.zim:https:::download.kiwix.org:zim:other:gentoo_en_all_maxi_2021-03.zim.torrent
getbootstrap.com_en_all_2025-06.zim:167,772,160:https:::download.kiwix.org:zim:zimit:getbootstrap.com_en_all_2025-06.zim:https:::download.kiwix.org:zim:zimit:getbootstrap.com_en_all_2025-06.zim.torrent
ghana-bece-past-questions_en_all_2025-12.zim:6,710,886:https:::download.kiwix.org:zim:zimit:ghana-bece-past-questions_en_all_2025-12.zim:https:::download.kiwix.org:zim:zimit:ghana-bece-past-questions_en_all_2025-12.zim.torrent
gis.stackexchange.com_en_all_2026-02.zim:2,147,483,648:https:::download.kiwix.org:zim:stack_exchange:gis.stackexchange.com_en_all_2026-02.zim:https:::download.kiwix.org:zim:stack_exchange:gis.stackexchange.com_en_all_2026-02.zim.torrent
gobyexample.com_en_all_2026-02.zim:329,728:https:::download.kiwix.org:zim:zimit:gobyexample.com_en_all_2026-02.zim:https:::download.kiwix.org:zim:zimit:gobyexample.com_en_all_2026-02.zim.torrent
granbluefantasy_en_all_maxi_2021-03.zim:314,572,800:https:::download.kiwix.org:zim:other:granbluefantasy_en_all_maxi_2021-03.zim:https:::download.kiwix.org:zim:other:granbluefantasy_en_all_maxi_2021-03.zim.torrent
graphicdesign.stackexchange.com_en_all_2026-02.zim:926,941,184:https:::download.kiwix.org:zim:stack_exchange:graphicdesign.stackexchange.com_en_all_2026-02.zim:https:::download.kiwix.org:zim:stack_exchange:graphicdesign.stackexchange.com_en_all_2026-02.zim.torrent
grimgrains_en_all_2026-02.zim:25,165,824:https:::download.kiwix.org:zim:zimit:grimgrains_en_all_2026-02.zim:https:::download.kiwix.org:zim:zimit:grimgrains_en_all_2026-02.zim.torrent
gutenberg_en_all_2025-11.zim:221,190,815,744:https:::download.kiwix.org:zim:gutenberg:gutenberg_en_all_2025-11.zim:https:::download.kiwix.org:zim:gutenberg:gutenberg_en_all_2025-11.zim.torrent
ham.stackexchange.com_en_all_2026-02.zim:75,497,472:https:::download.kiwix.org:zim:stack_exchange:ham.stackexchange.com_en_all_2026-02.zim:https:::download.kiwix.org:zim:stack_exchange:ham.stackexchange.com_en_all_2026-02.zim.torrent
hardwarerecs.stackexchange.com_en_all_2026-02.zim:41,943,040:https:::download.kiwix.org:zim:stack_exchange:hardwarerecs.stackexchange.com_en_all_2026-02.zim:https:::download.kiwix.org:zim:stack_exchange:hardwarerecs.stackexchange.com_en_all_2026-02.zim.torrent
hermeneutics.stackexchange.com_en_all_2026-02.zim:190,840,832:https:::download.kiwix.org:zim:stack_exchange:hermeneutics.stackexchange.com_en_all_2026-02.zim:https:::download.kiwix.org:zim:stack_exchange:hermeneutics.stackexchange.com_en_all_2026-02.zim.torrent
hinduism.stackexchange.com_en_all_2026-02.zim:203,423,744:https:::download.kiwix.org:zim:stack_exchange:hinduism.stackexchange.com_en_all_2026-02.zim:https:::download.kiwix.org:zim:stack_exchange:hinduism.stackexchange.com_en_all_2026-02.zim.torrent
history.stackexchange.com_en_all_2026-02.zim:318,767,104:https:::download.kiwix.org:zim:stack_exchange:history.stackexchange.com_en_all_2026-02.zim:https:::download.kiwix.org:zim:stack_exchange:history.stackexchange.com_en_all_2026-02.zim.torrent
hitchwiki_en_all_maxi_2023-01.zim:16,777,216:https:::download.kiwix.org:zim:other:hitchwiki_en_all_maxi_2023-01.zim:https:::download.kiwix.org:zim:other:hitchwiki_en_all_maxi_2023-01.zim.torrent
homebrew.stackexchange.com_en_all_2026-02.zim:37,748,736:https:::download.kiwix.org:zim:stack_exchange:homebrew.stackexchange.com_en_all_2026-02.zim:https:::download.kiwix.org:zim:stack_exchange:homebrew.stackexchange.com_en_all_2026-02.zim.torrent
hsm.stackexchange.com_en_all_2026-02.zim:51,380,224:https:::download.kiwix.org:zim:stack_exchange:hsm.stackexchange.com_en_all_2026-02.zim:https:::download.kiwix.org:zim:stack_exchange:hsm.stackexchange.com_en_all_2026-02.zim.torrent
htdp.org_en_all_2026-02.zim:1,992,294:https:::download.kiwix.org:zim:zimit:htdp.org_en_all_2026-02.zim:https:::download.kiwix.org:zim:zimit:htdp.org_en_all_2026-02.zim.torrent
ibanezwiki_en_all_maxi_2024-06.zim:161,480,704:https:::download.kiwix.org:zim:other:ibanezwiki_en_all_maxi_2024-06.zim:https:::download.kiwix.org:zim:other:ibanezwiki_en_all_maxi_2024-06.zim.torrent
incognitocat.me_en_all_2025-09.zim:9,332,326:https:::download.kiwix.org:zim:zimit:incognitocat.me_en_all_2025-09.zim:https:::download.kiwix.org:zim:zimit:incognitocat.me_en_all_2025-09.zim.torrent
installgentoo_en_all_maxi_2019-09.zim:9,437,184:https:::download.kiwix.org:zim:other:installgentoo_en_all_maxi_2019-09.zim:https:::download.kiwix.org:zim:other:installgentoo_en_all_maxi_2019-09.zim.torrent
internet-encyclopedia-philosophy_en_all_2025-11.zim:128,974,848:https:::download.kiwix.org:zim:zimit:internet-encyclopedia-philosophy_en_all_2025-11.zim:https:::download.kiwix.org:zim:zimit:internet-encyclopedia-philosophy_en_all_2025-11.zim.torrent
interpersonal.stackexchange.com_en_all_2026-02.zim:39,845,888:https:::download.kiwix.org:zim:stack_exchange:interpersonal.stackexchange.com_en_all_2026-02.zim:https:::download.kiwix.org:zim:stack_exchange:interpersonal.stackexchange.com_en_all_2026-02.zim.torrent
iot.stackexchange.com_en_all_2026-02.zim:19,922,944:https:::download.kiwix.org:zim:stack_exchange:iot.stackexchange.com_en_all_2026-02.zim:https:::download.kiwix.org:zim:stack_exchange:iot.stackexchange.com_en_all_2026-02.zim.torrent
iota.stackexchange.com_en_all_2025-12.zim:8,283,750:https:::download.kiwix.org:zim:stack_exchange:iota.stackexchange.com_en_all_2025-12.zim:https:::download.kiwix.org:zim:stack_exchange:iota.stackexchange.com_en_all_2025-12.zim.torrent
islam.stackexchange.com_en_all_2026-02.zim:89,128,960:https:::download.kiwix.org:zim:stack_exchange:islam.stackexchange.com_en_all_2026-02.zim:https:::download.kiwix.org:zim:stack_exchange:islam.stackexchange.com_en_all_2026-02.zim.torrent
jeffe.cs.illinois.edu_en_all_2026-03.zim:516,947,968:https:::download.kiwix.org:zim:zimit:jeffe.cs.illinois.edu_en_all_2026-03.zim:https:::download.kiwix.org:zim:zimit:jeffe.cs.illinois.edu_en_all_2026-03.zim.torrent
joomla.stackexchange.com_en_all_2026-02.zim:45,088,768:https:::download.kiwix.org:zim:stack_exchange:joomla.stackexchange.com_en_all_2026-02.zim:https:::download.kiwix.org:zim:stack_exchange:joomla.stackexchange.com_en_all_2026-02.zim.torrent
judaism.stackexchange.com_en_all_2026-02.zim:293,601,280:https:::download.kiwix.org:zim:stack_exchange:judaism.stackexchange.com_en_all_2026-02.zim:https:::download.kiwix.org:zim:stack_exchange:judaism.stackexchange.com_en_all_2026-02.zim.torrent
khanacademy_en_all_2023-03.zim:180,388,626,432:https:::download.kiwix.org:zim:other:khanacademy_en_all_2023-03.zim:https:::download.kiwix.org:zim:other:khanacademy_en_all_2023-03.zim.torrent
langdev.stackexchange.com_en_all_2026-02.zim:10,485,760:https:::download.kiwix.org:zim:stack_exchange:langdev.stackexchange.com_en_all_2026-02.zim:https:::download.kiwix.org:zim:stack_exchange:langdev.stackexchange.com_en_all_2026-02.zim.torrent
languagelearning.stackexchange.com_en_all_2026-02.zim:11,534,336:https:::download.kiwix.org:zim:stack_exchange:languagelearning.stackexchange.com_en_all_2026-02.zim:https:::download.kiwix.org:zim:stack_exchange:languagelearning.stackexchange.com_en_all_2026-02.zim.torrent
law.stackexchange.com_en_all_2026-02.zim:184,549,376:https:::download.kiwix.org:zim:stack_exchange:law.stackexchange.com_en_all_2026-02.zim:https:::download.kiwix.org:zim:stack_exchange:law.stackexchange.com_en_all_2026-02.zim.torrent
learningstatistics_en_all_2026-02.zim:33,554,432:https:::download.kiwix.org:zim:zimit:learningstatistics_en_all_2026-02.zim:https:::download.kiwix.org:zim:zimit:learningstatistics_en_all_2026-02.zim.torrent
learningstatisticswithr.com_en_all_2026-02.zim:15,728,640:https:::download.kiwix.org:zim:zimit:learningstatisticswithr.com_en_all_2026-02.zim:https:::download.kiwix.org:zim:zimit:learningstatisticswithr.com_en_all_2026-02.zim.torrent
lesscss.org_en_all_2025-09.zim:1,468,006:https:::download.kiwix.org:zim:zimit:lesscss.org_en_all_2025-09.zim:https:::download.kiwix.org:zim:zimit:lesscss.org_en_all_2025-09.zim.torrent
librepathology_en_all_maxi_2025-09.zim:79,691,776:https:::download.kiwix.org:zim:other:librepathology_en_all_maxi_2025-09.zim:https:::download.kiwix.org:zim:other:librepathology_en_all_maxi_2025-09.zim.torrent
libretexts.org_en_bio_2025-01.zim:2,254,857,830:https:::download.kiwix.org:zim:libretexts:libretexts.org_en_bio_2025-01.zim:https:::download.kiwix.org:zim:libretexts:libretexts.org_en_bio_2025-01.zim.torrent
libretexts.org_en_biz_2026-01.zim:839,909,376:https:::download.kiwix.org:zim:libretexts:libretexts.org_en_biz_2026-01.zim:https:::download.kiwix.org:zim:libretexts:libretexts.org_en_biz_2026-01.zim.torrent
libretexts.org_en_chem_2025-01.zim:2,147,483,648:https:::download.kiwix.org:zim:libretexts:libretexts.org_en_chem_2025-01.zim:https:::download.kiwix.org:zim:libretexts:libretexts.org_en_chem_2025-01.zim.torrent
libretexts.org_en_eng_2025-01.zim:678,428,672:https:::download.kiwix.org:zim:libretexts:libretexts.org_en_eng_2025-01.zim:https:::download.kiwix.org:zim:libretexts:libretexts.org_en_eng_2025-01.zim.torrent
libretexts.org_en_geo_2026-01.zim:1,181,116,006:https:::download.kiwix.org:zim:libretexts:libretexts.org_en_geo_2026-01.zim:https:::download.kiwix.org:zim:libretexts:libretexts.org_en_geo_2026-01.zim.torrent
libretexts.org_en_human_2025-01.zim:3,758,096,384:https:::download.kiwix.org:zim:libretexts:libretexts.org_en_human_2025-01.zim:https:::download.kiwix.org:zim:libretexts:libretexts.org_en_human_2025-01.zim.torrent
libretexts.org_en_k12_2025-01.zim:371,195,904:https:::download.kiwix.org:zim:libretexts:libretexts.org_en_k12_2025-01.zim:https:::download.kiwix.org:zim:libretexts:libretexts.org_en_k12_2025-01.zim.torrent
libretexts.org_en_math_2026-01.zim:830,472,192:https:::download.kiwix.org:zim:libretexts:libretexts.org_en_math_2026-01.zim:https:::download.kiwix.org:zim:libretexts:libretexts.org_en_math_2026-01.zim.torrent
libretexts.org_en_med_2025-01.zim:1,181,116,006:https:::download.kiwix.org:zim:libretexts:libretexts.org_en_med_2025-01.zim:https:::download.kiwix.org:zim:libretexts:libretexts.org_en_med_2025-01.zim.torrent
libretexts.org_en_phys_2026-01.zim:559,939,584:https:::download.kiwix.org:zim:libretexts:libretexts.org_en_phys_2026-01.zim:https:::download.kiwix.org:zim:libretexts:libretexts.org_en_phys_2026-01.zim.torrent
libretexts.org_en_stats_2026-01.zim:216,006,656:https:::download.kiwix.org:zim:libretexts:libretexts.org_en_stats_2026-01.zim:https:::download.kiwix.org:zim:libretexts:libretexts.org_en_stats_2026-01.zim.torrent
lifehacks.stackexchange.com_en_all_2026-02.zim:48,234,496:https:::download.kiwix.org:zim:stack_exchange:lifehacks.stackexchange.com_en_all_2026-02.zim:https:::download.kiwix.org:zim:stack_exchange:lifehacks.stackexchange.com_en_all_2026-02.zim.torrent
linguistics.stackexchange.com_en_all_2026-02.zim:85,983,232:https:::download.kiwix.org:zim:stack_exchange:linguistics.stackexchange.com_en_all_2026-02.zim:https:::download.kiwix.org:zim:stack_exchange:linguistics.stackexchange.com_en_all_2026-02.zim.torrent
literature.stackexchange.com_en_all_2026-02.zim:71,303,168:https:::download.kiwix.org:zim:stack_exchange:literature.stackexchange.com_en_all_2026-02.zim:https:::download.kiwix.org:zim:stack_exchange:literature.stackexchange.com_en_all_2026-02.zim.torrent
lost-stats.github.io_en_all_2025-09.zim:35,651,584:https:::download.kiwix.org:zim:zimit:lost-stats.github.io_en_all_2025-09.zim:https:::download.kiwix.org:zim:zimit:lost-stats.github.io_en_all_2025-09.zim.torrent
lrnselfreliance_en_all_2025-12.zim:3,972,844,748:https:::download.kiwix.org:zim:videos:lrnselfreliance_en_all_2025-12.zim:https:::download.kiwix.org:zim:videos:lrnselfreliance_en_all_2025-12.zim.torrent
lua.org_en_all_2026-02.zim:389,021,696:https:::download.kiwix.org:zim:zimit:lua.org_en_all_2026-02.zim:https:::download.kiwix.org:zim:zimit:lua.org_en_all_2026-02.zim.torrent
magento.stackexchange.com_en_all_2026-02.zim:625,999,872:https:::download.kiwix.org:zim:stack_exchange:magento.stackexchange.com_en_all_2026-02.zim:https:::download.kiwix.org:zim:stack_exchange:magento.stackexchange.com_en_all_2026-02.zim.torrent
martialarts.stackexchange.com_en_all_2026-02.zim:27,262,976:https:::download.kiwix.org:zim:stack_exchange:martialarts.stackexchange.com_en_all_2026-02.zim:https:::download.kiwix.org:zim:stack_exchange:martialarts.stackexchange.com_en_all_2026-02.zim.torrent
math.stackexchange.com_en_all_2026-02.zim:7,408,818,585:https:::download.kiwix.org:zim:stack_exchange:math.stackexchange.com_en_all_2026-02.zim:https:::download.kiwix.org:zim:stack_exchange:math.stackexchange.com_en_all_2026-02.zim.torrent
matheducators.stackexchange.com_en_all_2026-02.zim:57,671,680:https:::download.kiwix.org:zim:stack_exchange:matheducators.stackexchange.com_en_all_2026-02.zim:https:::download.kiwix.org:zim:stack_exchange:matheducators.stackexchange.com_en_all_2026-02.zim.torrent
mathematica.stackexchange.com_en_all_2026-02.zim:1,610,612,736:https:::download.kiwix.org:zim:stack_exchange:mathematica.stackexchange.com_en_all_2026-02.zim:https:::download.kiwix.org:zim:stack_exchange:mathematica.stackexchange.com_en_all_2026-02.zim.torrent
mathoverflow.net_en_all_2025-12.zim:851,443,712:https:::download.kiwix.org:zim:stack_exchange:mathoverflow.net_en_all_2025-12.zim:https:::download.kiwix.org:zim:stack_exchange:mathoverflow.net_en_all_2025-12.zim.torrent
mattermodeling.stackexchange.com_en_all_2026-02.zim:48,234,496:https:::download.kiwix.org:zim:stack_exchange:mattermodeling.stackexchange.com_en_all_2026-02.zim:https:::download.kiwix.org:zim:stack_exchange:mattermodeling.stackexchange.com_en_all_2026-02.zim.torrent
mdwiki_en_all_2025-11.zim:10,737,418,240:https:::download.kiwix.org:zim:other:mdwiki_en_all_2025-11.zim:https:::download.kiwix.org:zim:other:mdwiki_en_all_2025-11.zim.torrent
mechanics.stackexchange.com_en_all_2026-02.zim:338,690,048:https:::download.kiwix.org:zim:stack_exchange:mechanics.stackexchange.com_en_all_2026-02.zim:https:::download.kiwix.org:zim:stack_exchange:mechanics.stackexchange.com_en_all_2026-02.zim.torrent
mediawiki_en_all_2023-07.zim:6,871,947,673:https:::download.kiwix.org:zim:other:mediawiki_en_all_2023-07.zim:https:::download.kiwix.org:zim:other:mediawiki_en_all_2023-07.zim.torrent
medicalsciences.stackexchange.com_en_all_2026-02.zim:60,817,408:https:::download.kiwix.org:zim:stack_exchange:medicalsciences.stackexchange.com_en_all_2026-02.zim:https:::download.kiwix.org:zim:stack_exchange:medicalsciences.stackexchange.com_en_all_2026-02.zim.torrent
medlineplus.gov_en_all_2025-01.zim:1,932,735,283:https:::download.kiwix.org:zim:zimit:medlineplus.gov_en_all_2025-01.zim:https:::download.kiwix.org:zim:zimit:medlineplus.gov_en_all_2025-01.zim.torrent
metakgp_en_all_maxi_2026-01.zim:7,654,604:https:::download.kiwix.org:zim:other:metakgp_en_all_maxi_2026-01.zim:https:::download.kiwix.org:zim:other:metakgp_en_all_maxi_2026-01.zim.torrent
milneopentextbooks.org_en_all_2025-11.zim:1,395,864,371:https:::download.kiwix.org:zim:zimit:milneopentextbooks.org_en_all_2025-11.zim:https:::download.kiwix.org:zim:zimit:milneopentextbooks.org_en_all_2025-11.zim.torrent
minecraftwiki_en_all_maxi_2026-02.zim:1,181,116,006:https:::download.kiwix.org:zim:other:minecraftwiki_en_all_maxi_2026-02.zim:https:::download.kiwix.org:zim:other:minecraftwiki_en_all_maxi_2026-02.zim.torrent
monero.stackexchange.com_en_all_2026-02.zim:22,020,096:https:::download.kiwix.org:zim:stack_exchange:monero.stackexchange.com_en_all_2026-02.zim:https:::download.kiwix.org:zim:stack_exchange:monero.stackexchange.com_en_all_2026-02.zim.torrent
money.stackexchange.com_en_all_2026-02.zim:253,755,392:https:::download.kiwix.org:zim:stack_exchange:money.stackexchange.com_en_all_2026-02.zim:https:::download.kiwix.org:zim:stack_exchange:money.stackexchange.com_en_all_2026-02.zim.torrent
movies.stackexchange.com_en_all_2026-02.zim:284,164,096:https:::download.kiwix.org:zim:stack_exchange:movies.stackexchange.com_en_all_2026-02.zim:https:::download.kiwix.org:zim:stack_exchange:movies.stackexchange.com_en_all_2026-02.zim.torrent
mspeekenbrink_en_all_2026-02.zim:6,081,740:https:::download.kiwix.org:zim:zimit:mspeekenbrink_en_all_2026-02.zim:https:::download.kiwix.org:zim:zimit:mspeekenbrink_en_all_2026-02.zim.torrent
music.dalitio.de_en_all_2026-02.zim:38,797,312:https:::download.kiwix.org:zim:zimit:music.dalitio.de_en_all_2026-02.zim:https:::download.kiwix.org:zim:zimit:music.dalitio.de_en_all_2026-02.zim.torrent
music.stackexchange.com_en_all_2026-02.zim:338,690,048:https:::download.kiwix.org:zim:stack_exchange:music.stackexchange.com_en_all_2026-02.zim:https:::download.kiwix.org:zim:stack_exchange:music.stackexchange.com_en_all_2026-02.zim.torrent
musicfans.stackexchange.com_en_all_2026-02.zim:18,874,368:https:::download.kiwix.org:zim:stack_exchange:musicfans.stackexchange.com_en_all_2026-02.zim:https:::download.kiwix.org:zim:stack_exchange:musicfans.stackexchange.com_en_all_2026-02.zim.torrent
mutopiaproject.org_en_2025-09.zim:6,657,199,308:https:::download.kiwix.org:zim:zimit:mutopiaproject.org_en_2025-09.zim:https:::download.kiwix.org:zim:zimit:mutopiaproject.org_en_2025-09.zim.torrent
mythology.stackexchange.com_en_all_2026-02.zim:31,457,280:https:::download.kiwix.org:zim:stack_exchange:mythology.stackexchange.com_en_all_2026-02.zim:https:::download.kiwix.org:zim:stack_exchange:mythology.stackexchange.com_en_all_2026-02.zim.torrent
ncase.me_en_all_2026-02.zim:656,408,576:https:::download.kiwix.org:zim:zimit:ncase.me_en_all_2026-02.zim:https:::download.kiwix.org:zim:zimit:ncase.me_en_all_2026-02.zim.torrent
ncert-audiobooks_en_all_2025-11.zim:18,253,611,008:https:::download.kiwix.org:zim:zimit:ncert-audiobooks_en_all_2025-11.zim:https:::download.kiwix.org:zim:zimit:ncert-audiobooks_en_all_2025-11.zim.torrent
neos-wiki_en_all_maxi_2023-01.zim:17,825,792:https:::download.kiwix.org:zim:other:neos-wiki_en_all_maxi_2023-01.zim:https:::download.kiwix.org:zim:other:neos-wiki_en_all_maxi_2023-01.zim.torrent
networkengineering.stackexchange.com_en_all_2026-02.zim:130,023,424:https:::download.kiwix.org:zim:stack_exchange:networkengineering.stackexchange.com_en_all_2026-02.zim:https:::download.kiwix.org:zim:stack_exchange:networkengineering.stackexchange.com_en_all_2026-02.zim.torrent
nhs.uk_en_medicines_2025-09.zim:17,825,792:https:::download.kiwix.org:zim:zimit:nhs.uk_en_medicines_2025-09.zim:https:::download.kiwix.org:zim:zimit:nhs.uk_en_medicines_2025-09.zim.torrent
noted.lol_en_all_2025-10.zim:2,791,728,742:https:::download.kiwix.org:zim:zimit:noted.lol_en_all_2025-10.zim:https:::download.kiwix.org:zim:zimit:noted.lol_en_all_2025-10.zim.torrent
oer4schools_en_all_2025-10.zim:1,288,490,188:https:::download.kiwix.org:zim:videos:oer4schools_en_all_2025-10.zim:https:::download.kiwix.org:zim:videos:oer4schools_en_all_2025-10.zim.torrent
opendata.stackexchange.com_en_all_2026-02.zim:41,943,040:https:::download.kiwix.org:zim:stack_exchange:opendata.stackexchange.com_en_all_2026-02.zim:https:::download.kiwix.org:zim:stack_exchange:opendata.stackexchange.com_en_all_2026-02.zim.torrent
opendatastructures.org_en_all_2025-11.zim:116,391,936:https:::download.kiwix.org:zim:zimit:opendatastructures.org_en_all_2025-11.zim:https:::download.kiwix.org:zim:zimit:opendatastructures.org_en_all_2025-11.zim.torrent
openmusictheory.com_en_all_2025-12.zim:82,837,504:https:::download.kiwix.org:zim:zimit:openmusictheory.com_en_all_2025-12.zim:https:::download.kiwix.org:zim:zimit:openmusictheory.com_en_all_2025-12.zim.torrent
opensource.stackexchange.com_en_all_2026-02.zim:30,408,704:https:::download.kiwix.org:zim:stack_exchange:opensource.stackexchange.com_en_all_2026-02.zim:https:::download.kiwix.org:zim:stack_exchange:opensource.stackexchange.com_en_all_2026-02.zim.torrent
openstreetmap-wiki_en_all_maxi_2026-01.zim:1,073,741,824:https:::download.kiwix.org:zim:other:openstreetmap-wiki_en_all_maxi_2026-01.zim:https:::download.kiwix.org:zim:other:openstreetmap-wiki_en_all_maxi_2026-01.zim.torrent
openzim_en_all_maxi_2026-02.zim:3,250,585:https:::download.kiwix.org:zim:other:openzim_en_all_maxi_2026-02.zim:https:::download.kiwix.org:zim:other:openzim_en_all_maxi_2026-02.zim.torrent
or.stackexchange.com_en_all_2026-02.zim:34,603,008:https:::download.kiwix.org:zim:stack_exchange:or.stackexchange.com_en_all_2026-02.zim:https:::download.kiwix.org:zim:stack_exchange:or.stackexchange.com_en_all_2026-02.zim.torrent
outdoors.stackexchange.com_en_all_2026-02.zim:142,606,336:https:::download.kiwix.org:zim:stack_exchange:outdoors.stackexchange.com_en_all_2026-02.zim:https:::download.kiwix.org:zim:stack_exchange:outdoors.stackexchange.com_en_all_2026-02.zim.torrent
parenting.stackexchange.com_en_all_2026-02.zim:59,768,832:https:::download.kiwix.org:zim:stack_exchange:parenting.stackexchange.com_en_all_2026-02.zim:https:::download.kiwix.org:zim:stack_exchange:parenting.stackexchange.com_en_all_2026-02.zim.torrent
patents.stackexchange.com_en_all_2026-02.zim:35,651,584:https:::download.kiwix.org:zim:stack_exchange:patents.stackexchange.com_en_all_2026-02.zim:https:::download.kiwix.org:zim:stack_exchange:patents.stackexchange.com_en_all_2026-02.zim.torrent
peps.python_en_all_2026-02.zim:8,283,750:https:::download.kiwix.org:zim:zimit:peps.python_en_all_2026-02.zim:https:::download.kiwix.org:zim:zimit:peps.python_en_all_2026-02.zim.torrent
permacomputing.net_en_all_2026-03.zim:580,608:https:::download.kiwix.org:zim:zimit:permacomputing.net_en_all_2026-03.zim:https:::download.kiwix.org:zim:zimit:permacomputing.net_en_all_2026-03.zim.torrent
pets.stackexchange.com_en_all_2026-02.zim:87,031,808:https:::download.kiwix.org:zim:stack_exchange:pets.stackexchange.com_en_all_2026-02.zim:https:::download.kiwix.org:zim:stack_exchange:pets.stackexchange.com_en_all_2026-02.zim.torrent
phet_en_all_2026-02.zim:106,954,752:https:::download.kiwix.org:zim:phet:phet_en_all_2026-02.zim:https:::download.kiwix.org:zim:phet:phet_en_all_2026-02.zim.torrent
philosophy.stackexchange.com_en_all_2026-02.zim:207,618,048:https:::download.kiwix.org:zim:stack_exchange:philosophy.stackexchange.com_en_all_2026-02.zim:https:::download.kiwix.org:zim:stack_exchange:philosophy.stackexchange.com_en_all_2026-02.zim.torrent
photo.stackexchange.com_en_all_2026-02.zim:451,936,256:https:::download.kiwix.org:zim:stack_exchange:photo.stackexchange.com_en_all_2026-02.zim:https:::download.kiwix.org:zim:stack_exchange:photo.stackexchange.com_en_all_2026-02.zim.torrent
php.net_en_all_2024-08.zim:32,505,856:https:::download.kiwix.org:zim:zimit:php.net_en_all_2024-08.zim:https:::download.kiwix.org:zim:zimit:php.net_en_all_2024-08.zim.torrent
physics.stackexchange.com_en_all_2026-02.zim:1,825,361,100:https:::download.kiwix.org:zim:stack_exchange:physics.stackexchange.com_en_all_2026-02.zim:https:::download.kiwix.org:zim:stack_exchange:physics.stackexchange.com_en_all_2026-02.zim.torrent
phzh_core-english-one_en_2022-01.zim:96,468,992:https:::download.kiwix.org:zim:mooc:phzh_core-english-one_en_2022-01.zim:https:::download.kiwix.org:zim:mooc:phzh_core-english-one_en_2022-01.zim.torrent
planetmath.org_en_all_2026-02.zim:39,845,888:https:::download.kiwix.org:zim:zimit:planetmath.org_en_all_2026-02.zim:https:::download.kiwix.org:zim:zimit:planetmath.org_en_all_2026-02.zim.torrent
pm.stackexchange.com_en_all_2026-02.zim:50,331,648:https:::download.kiwix.org:zim:stack_exchange:pm.stackexchange.com_en_all_2026-02.zim:https:::download.kiwix.org:zim:stack_exchange:pm.stackexchange.com_en_all_2026-02.zim.torrent
pokemonwiki_en_all_maxi_2024-06.zim:846,200,832:https:::download.kiwix.org:zim:other:pokemonwiki_en_all_maxi_2024-06.zim:https:::download.kiwix.org:zim:other:pokemonwiki_en_all_maxi_2024-06.zim.torrent
poker.stackexchange.com_en_all_2026-02.zim:15,728,640:https:::download.kiwix.org:zim:stack_exchange:poker.stackexchange.com_en_all_2026-02.zim:https:::download.kiwix.org:zim:stack_exchange:poker.stackexchange.com_en_all_2026-02.zim.torrent
politics.stackexchange.com_en_all_2026-02.zim:208,666,624:https:::download.kiwix.org:zim:stack_exchange:politics.stackexchange.com_en_all_2026-02.zim:https:::download.kiwix.org:zim:stack_exchange:politics.stackexchange.com_en_all_2026-02.zim.torrent
postmarketos_en_all_maxi_2026-02.zim:27,262,976:https:::download.kiwix.org:zim:other:postmarketos_en_all_maxi_2026-02.zim:https:::download.kiwix.org:zim:other:postmarketos_en_all_maxi_2026-02.zim.torrent
project-fuel_en_2025-09.zim:190,840,832:https:::download.kiwix.org:zim:videos:project-fuel_en_2025-09.zim:https:::download.kiwix.org:zim:videos:project-fuel_en_2025-09.zim.torrent
proofassistants.stackexchange.com_en_all_2026-02.zim:11,534,336:https:::download.kiwix.org:zim:stack_exchange:proofassistants.stackexchange.com_en_all_2026-02.zim:https:::download.kiwix.org:zim:stack_exchange:proofassistants.stackexchange.com_en_all_2026-02.zim.torrent
proofwiki_en_all_maxi_2026-01.zim:63,963,136:https:::download.kiwix.org:zim:other:proofwiki_en_all_maxi_2026-01.zim:https:::download.kiwix.org:zim:other:proofwiki_en_all_maxi_2026-01.zim.torrent
prunelle_en_budding-authors_2025-02.zim:307,232,768:https:::download.kiwix.org:zim:other:prunelle_en_budding-authors_2025-02.zim:https:::download.kiwix.org:zim:other:prunelle_en_budding-authors_2025-02.zim.torrent
prunelle_en_draw-your-african-story_2025-02.zim:42,991,616:https:::download.kiwix.org:zim:other:prunelle_en_draw-your-african-story_2025-02.zim:https:::download.kiwix.org:zim:other:prunelle_en_draw-your-african-story_2025-02.zim.torrent
prunelle_en_interactive-books_2025-02.zim:376,438,784:https:::download.kiwix.org:zim:other:prunelle_en_interactive-books_2025-02.zim:https:::download.kiwix.org:zim:other:prunelle_en_interactive-books_2025-02.zim.torrent
psiram_en_all_maxi_2026-02.zim:4,718,592:https:::download.kiwix.org:zim:other:psiram_en_all_maxi_2026-02.zim:https:::download.kiwix.org:zim:other:psiram_en_all_maxi_2026-02.zim.torrent
psychology.stackexchange.com_en_all_2026-02.zim:63,963,136:https:::download.kiwix.org:zim:stack_exchange:psychology.stackexchange.com_en_all_2026-02.zim:https:::download.kiwix.org:zim:stack_exchange:psychology.stackexchange.com_en_all_2026-02.zim.torrent
publicdomainrecipes.com_en_all_2026-02.zim:23,068,672:https:::download.kiwix.org:zim:zimit:publicdomainrecipes.com_en_all_2026-02.zim:https:::download.kiwix.org:zim:zimit:publicdomainrecipes.com_en_all_2026-02.zim.torrent
puzzling.stackexchange.com_en_all_2026-02.zim:557,842,432:https:::download.kiwix.org:zim:stack_exchange:puzzling.stackexchange.com_en_all_2026-02.zim:https:::download.kiwix.org:zim:stack_exchange:puzzling.stackexchange.com_en_all_2026-02.zim.torrent
quant.stackexchange.com_en_all_2026-02.zim:160,432,128:https:::download.kiwix.org:zim:stack_exchange:quant.stackexchange.com_en_all_2026-02.zim:https:::download.kiwix.org:zim:stack_exchange:quant.stackexchange.com_en_all_2026-02.zim.torrent
quantumcomputing.stackexchange.com_en_all_2026-02.zim:99,614,720:https:::download.kiwix.org:zim:stack_exchange:quantumcomputing.stackexchange.com_en_all_2026-02.zim:https:::download.kiwix.org:zim:stack_exchange:quantumcomputing.stackexchange.com_en_all_2026-02.zim.torrent
quickguidesformedicine_en_all_2025-12.zim:527,433,728:https:::download.kiwix.org:zim:videos:quickguidesformedicine_en_all_2025-12.zim:https:::download.kiwix.org:zim:videos:quickguidesformedicine_en_all_2025-12.zim.torrent
ragajunglism.org_en_all_2025-05.zim:8,912,057,139:https:::download.kiwix.org:zim:zimit:ragajunglism.org_en_all_2025-05.zim:https:::download.kiwix.org:zim:zimit:ragajunglism.org_en_all_2025-05.zim.torrent
raspberrypi.stackexchange.com_en_all_2026-02.zim:298,844,160:https:::download.kiwix.org:zim:stack_exchange:raspberrypi.stackexchange.com_en_all_2026-02.zim:https:::download.kiwix.org:zim:stack_exchange:raspberrypi.stackexchange.com_en_all_2026-02.zim.torrent
rationalwiki_en_all_maxi_2025-05.zim:249,561,088:https:::download.kiwix.org:zim:other:rationalwiki_en_all_maxi_2025-05.zim:https:::download.kiwix.org:zim:other:rationalwiki_en_all_maxi_2025-05.zim.torrent
restarters_en_all_maxi_2026-01.zim:17,825,792:https:::download.kiwix.org:zim:other:restarters_en_all_maxi_2026-01.zim:https:::download.kiwix.org:zim:other:restarters_en_all_maxi_2026-01.zim.torrent
retrocomputing.stackexchange.com_en_all_2026-02.zim:123,731,968:https:::download.kiwix.org:zim:stack_exchange:retrocomputing.stackexchange.com_en_all_2026-02.zim:https:::download.kiwix.org:zim:stack_exchange:retrocomputing.stackexchange.com_en_all_2026-02.zim.torrent
reverseengineering.stackexchange.com_en_all_2025-12.zim:115,343,360:https:::download.kiwix.org:zim:stack_exchange:reverseengineering.stackexchange.com_en_all_2025-12.zim:https:::download.kiwix.org:zim:stack_exchange:reverseengineering.stackexchange.com_en_all_2025-12.zim.torrent
rimworldwiki_en_all_maxi_2026-02.zim:62,914,560:https:::download.kiwix.org:zim:other:rimworldwiki_en_all_maxi_2026-02.zim:https:::download.kiwix.org:zim:other:rimworldwiki_en_all_maxi_2026-02.zim.torrent
riskofrain2_en_all_maxi_2026-02.zim:27,262,976:https:::download.kiwix.org:zim:other:riskofrain2_en_all_maxi_2026-02.zim:https:::download.kiwix.org:zim:other:riskofrain2_en_all_maxi_2026-02.zim.torrent
robotics.stackexchange.com_en_all_2026-02.zim:244,318,208:https:::download.kiwix.org:zim:stack_exchange:robotics.stackexchange.com_en_all_2026-02.zim:https:::download.kiwix.org:zim:stack_exchange:robotics.stackexchange.com_en_all_2026-02.zim.torrent
rpg.stackexchange.com_en_all_2026-02.zim:336,592,896:https:::download.kiwix.org:zim:stack_exchange:rpg.stackexchange.com_en_all_2026-02.zim:https:::download.kiwix.org:zim:stack_exchange:rpg.stackexchange.com_en_all_2026-02.zim.torrent
s2underground_en_all_2026-01.zim:4,724,464,025:https:::download.kiwix.org:zim:videos:s2underground_en_all_2026-01.zim:https:::download.kiwix.org:zim:videos:s2underground_en_all_2026-01.zim.torrent
salesforce.stackexchange.com_en_all_2026-02.zim:764,411,904:https:::download.kiwix.org:zim:stack_exchange:salesforce.stackexchange.com_en_all_2026-02.zim:https:::download.kiwix.org:zim:stack_exchange:salesforce.stackexchange.com_en_all_2026-02.zim.torrent
scicomp.stackexchange.com_en_all_2026-02.zim:97,517,568:https:::download.kiwix.org:zim:stack_exchange:scicomp.stackexchange.com_en_all_2026-02.zim:https:::download.kiwix.org:zim:stack_exchange:scicomp.stackexchange.com_en_all_2026-02.zim.torrent
scienceinthebath_en_2025-09.zim:462,422,016:https:::download.kiwix.org:zim:videos:scienceinthebath_en_2025-09.zim:https:::download.kiwix.org:zim:videos:scienceinthebath_en_2025-09.zim.torrent
scifi.stackexchange.com_en_all_2026-02.zim:1,288,490,188:https:::download.kiwix.org:zim:stack_exchange:scifi.stackexchange.com_en_all_2026-02.zim:https:::download.kiwix.org:zim:stack_exchange:scifi.stackexchange.com_en_all_2026-02.zim.torrent
security.stackexchange.com_en_all_2026-02.zim:440,401,920:https:::download.kiwix.org:zim:stack_exchange:security.stackexchange.com_en_all_2026-02.zim:https:::download.kiwix.org:zim:stack_exchange:security.stackexchange.com_en_all_2026-02.zim.torrent
serverfault.com_en_all_2026-02.zim:1,610,612,736:https:::download.kiwix.org:zim:stack_exchange:serverfault.com_en_all_2026-02.zim:https:::download.kiwix.org:zim:stack_exchange:serverfault.com_en_all_2026-02.zim.torrent
sh1.org_en_all_2026-03.zim:35,651,584:https:::download.kiwix.org:zim:zimit:sh1.org_en_all_2026-03.zim:https:::download.kiwix.org:zim:zimit:sh1.org_en_all_2026-03.zim.torrent
sharepoint.stackexchange.com_en_all_2026-02.zim:627,048,448:https:::download.kiwix.org:zim:stack_exchange:sharepoint.stackexchange.com_en_all_2026-02.zim:https:::download.kiwix.org:zim:stack_exchange:sharepoint.stackexchange.com_en_all_2026-02.zim.torrent
sitecore.stackexchange.com_en_all_2026-02.zim:128,974,848:https:::download.kiwix.org:zim:stack_exchange:sitecore.stackexchange.com_en_all_2026-02.zim:https:::download.kiwix.org:zim:stack_exchange:sitecore.stackexchange.com_en_all_2026-02.zim.torrent
skeptics.stackexchange.com_en_all_2026-02.zim:182,452,224:https:::download.kiwix.org:zim:stack_exchange:skeptics.stackexchange.com_en_all_2026-02.zim:https:::download.kiwix.org:zim:stack_exchange:skeptics.stackexchange.com_en_all_2026-02.zim.torrent
skin-of-color-society_en_all_2026-02.zim:1,073,741,824:https:::download.kiwix.org:zim:other:skin-of-color-society_en_all_2026-02.zim:https:::download.kiwix.org:zim:other:skin-of-color-society_en_all_2026-02.zim.torrent
smbc-comics.com_en_2025-08.zim:113,246,208:https:::download.kiwix.org:zim:zimit:smbc-comics.com_en_2025-08.zim:https:::download.kiwix.org:zim:zimit:smbc-comics.com_en_2025-08.zim.torrent
softwarerecs.stackexchange.com_en_all_2026-02.zim:222,298,112:https:::download.kiwix.org:zim:stack_exchange:softwarerecs.stackexchange.com_en_all_2026-02.zim:https:::download.kiwix.org:zim:stack_exchange:softwarerecs.stackexchange.com_en_all_2026-02.zim.torrent
solana.stackexchange.com_en_all_2026-02.zim:42,991,616:https:::download.kiwix.org:zim:stack_exchange:solana.stackexchange.com_en_all_2026-02.zim:https:::download.kiwix.org:zim:stack_exchange:solana.stackexchange.com_en_all_2026-02.zim.torrent
sound.stackexchange.com_en_all_2026-02.zim:76,546,048:https:::download.kiwix.org:zim:stack_exchange:sound.stackexchange.com_en_all_2026-02.zim:https:::download.kiwix.org:zim:stack_exchange:sound.stackexchange.com_en_all_2026-02.zim.torrent
space.stackexchange.com_en_all_2026-02.zim:398,458,880:https:::download.kiwix.org:zim:stack_exchange:space.stackexchange.com_en_all_2026-02.zim:https:::download.kiwix.org:zim:stack_exchange:space.stackexchange.com_en_all_2026-02.zim.torrent
sports.stackexchange.com_en_all_2026-02.zim:44,040,192:https:::download.kiwix.org:zim:stack_exchange:sports.stackexchange.com_en_all_2026-02.zim:https:::download.kiwix.org:zim:stack_exchange:sports.stackexchange.com_en_all_2026-02.zim.torrent
sqa.stackexchange.com_en_all_2026-02.zim:88,080,384:https:::download.kiwix.org:zim:stack_exchange:sqa.stackexchange.com_en_all_2026-02.zim:https:::download.kiwix.org:zim:stack_exchange:sqa.stackexchange.com_en_all_2026-02.zim.torrent
stackapps.com_en_all_2025-12.zim:37,748,736:https:::download.kiwix.org:zim:stack_exchange:stackapps.com_en_all_2025-12.zim:https:::download.kiwix.org:zim:stack_exchange:stackapps.com_en_all_2025-12.zim.torrent
stackoverflow.com_en_all_2023-11.zim:80,530,636,800:https:::download.kiwix.org:zim:stack_exchange:stackoverflow.com_en_all_2023-11.zim:https:::download.kiwix.org:zim:stack_exchange:stackoverflow.com_en_all_2023-11.zim.torrent
stacks.math.columbia.edu_en_all_2025-06.zim:154,140,672:https:::download.kiwix.org:zim:zimit:stacks.math.columbia.edu_en_all_2025-06.zim:https:::download.kiwix.org:zim:zimit:stacks.math.columbia.edu_en_all_2025-06.zim.torrent
stardewvalleywiki_en_all_2026-01.zim:23,068,672:https:::download.kiwix.org:zim:other:stardewvalleywiki_en_all_2026-01.zim:https:::download.kiwix.org:zim:other:stardewvalleywiki_en_all_2026-01.zim.torrent
stats.stackexchange.com_en_all_2026-02.zim:1,610,612,736:https:::download.kiwix.org:zim:stack_exchange:stats.stackexchange.com_en_all_2026-02.zim:https:::download.kiwix.org:zim:stack_exchange:stats.stackexchange.com_en_all_2026-02.zim.torrent
stellar.stackexchange.com_en_all_2026-02.zim:8,283,750:https:::download.kiwix.org:zim:stack_exchange:stellar.stackexchange.com_en_all_2026-02.zim:https:::download.kiwix.org:zim:stack_exchange:stellar.stackexchange.com_en_all_2026-02.zim.torrent
studio.blender.org_en_open-movies_2025-10.zim:392,167,424:https:::download.kiwix.org:zim:videos:studio.blender.org_en_open-movies_2025-10.zim:https:::download.kiwix.org:zim:videos:studio.blender.org_en_open-movies_2025-10.zim.torrent
substrate.stackexchange.com_en_all_2026-02.zim:32,505,856:https:::download.kiwix.org:zim:stack_exchange:substrate.stackexchange.com_en_all_2026-02.zim:https:::download.kiwix.org:zim:stack_exchange:substrate.stackexchange.com_en_all_2026-02.zim.torrent
superuser.com_en_all_2026-02.zim:3,972,844,748:https:::download.kiwix.org:zim:stack_exchange:superuser.com_en_all_2026-02.zim:https:::download.kiwix.org:zim:stack_exchange:superuser.com_en_all_2026-02.zim.torrent
survivorlibrary.com_en_all_2025-12.zim:252,329,328,640:https:::download.kiwix.org:zim:zimit:survivorlibrary.com_en_all_2025-12.zim:https:::download.kiwix.org:zim:zimit:survivorlibrary.com_en_all_2025-12.zim.torrent
survivors_en_all_maxi_2026-03.zim:123,731,968:https:::download.kiwix.org:zim:other:survivors_en_all_maxi_2026-03.zim:https:::download.kiwix.org:zim:other:survivors_en_all_maxi_2026-03.zim.torrent
sustainability.stackexchange.com_en_all_2026-02.zim:27,262,976:https:::download.kiwix.org:zim:stack_exchange:sustainability.stackexchange.com_en_all_2026-02.zim:https:::download.kiwix.org:zim:stack_exchange:sustainability.stackexchange.com_en_all_2026-02.zim.torrent
termux_en_all_maxi_2022-12.zim:2,306,867:https:::download.kiwix.org:zim:other:termux_en_all_maxi_2022-12.zim:https:::download.kiwix.org:zim:other:termux_en_all_maxi_2022-12.zim.torrent
tex.stackexchange.com_en_all_2026-02.zim:4,509,715,660:https:::download.kiwix.org:zim:stack_exchange:tex.stackexchange.com_en_all_2026-02.zim:https:::download.kiwix.org:zim:stack_exchange:tex.stackexchange.com_en_all_2026-02.zim.torrent
tezos.stackexchange.com_en_all_2026-02.zim:11,534,336:https:::download.kiwix.org:zim:stack_exchange:tezos.stackexchange.com_en_all_2026-02.zim:https:::download.kiwix.org:zim:stack_exchange:tezos.stackexchange.com_en_all_2026-02.zim.torrent
thalesdoc_en_all_2025-12.zim:3,113,851,289:https:::download.kiwix.org:zim:other:thalesdoc_en_all_2025-12.zim:https:::download.kiwix.org:zim:other:thalesdoc_en_all_2025-12.zim.torrent
the_infosphere_en_all_maxi_2022-01.zim:35,651,584:https:::download.kiwix.org:zim:other:the_infosphere_en_all_maxi_2022-01.zim:https:::download.kiwix.org:zim:other:the_infosphere_en_all_maxi_2022-01.zim.torrent
theworldfactbook_en_all_2026-02.zim:406,847,488:https:::download.kiwix.org:zim:other:theworldfactbook_en_all_2026-02.zim:https:::download.kiwix.org:zim:other:theworldfactbook_en_all_2026-02.zim.torrent
tomlehrersongs.com_en_2025-08.zim:3,865,470,566:https:::download.kiwix.org:zim:zimit:tomlehrersongs.com_en_2025-08.zim:https:::download.kiwix.org:zim:zimit:tomlehrersongs.com_en_2025-08.zim.torrent
tonedear.com_en_2025-07.zim:2,202,009:https:::download.kiwix.org:zim:zimit:tonedear.com_en_2025-07.zim:https:::download.kiwix.org:zim:zimit:tonedear.com_en_2025-07.zim.torrent
tor.stackexchange.com_en_all_2026-02.zim:31,457,280:https:::download.kiwix.org:zim:stack_exchange:tor.stackexchange.com_en_all_2026-02.zim:https:::download.kiwix.org:zim:stack_exchange:tor.stackexchange.com_en_all_2026-02.zim.torrent
travel.stackexchange.com_en_all_2026-02.zim:460,324,864:https:::download.kiwix.org:zim:stack_exchange:travel.stackexchange.com_en_all_2026-02.zim:https:::download.kiwix.org:zim:stack_exchange:travel.stackexchange.com_en_all_2026-02.zim.torrent
tridion.stackexchange.com_en_all_2026-02.zim:48,234,496:https:::download.kiwix.org:zim:stack_exchange:tridion.stackexchange.com_en_all_2026-02.zim:https:::download.kiwix.org:zim:stack_exchange:tridion.stackexchange.com_en_all_2026-02.zim.torrent
unix.stackexchange.com_en_all_2026-02.zim:1,288,490,188:https:::download.kiwix.org:zim:stack_exchange:unix.stackexchange.com_en_all_2026-02.zim:https:::download.kiwix.org:zim:stack_exchange:unix.stackexchange.com_en_all_2026-02.zim.torrent
unrealircd_en_all_maxi_2026-02.zim:1,572,864:https:::download.kiwix.org:zim:zimit:unrealircd_en_all_maxi_2026-02.zim:https:::download.kiwix.org:zim:zimit:unrealircd_en_all_maxi_2026-02.zim.torrent
urban-prepper_en_all_2026-02.zim:2,254,857,830:https:::download.kiwix.org:zim:videos:urban-prepper_en_all_2026-02.zim:https:::download.kiwix.org:zim:videos:urban-prepper_en_all_2026-02.zim.torrent
usda-2015_en_2025-04.zim:19,922,944:https:::download.kiwix.org:zim:other:usda-2015_en_2025-04.zim:https:::download.kiwix.org:zim:other:usda-2015_en_2025-04.zim.torrent
ux.stackexchange.com_en_all_2026-02.zim:545,259,520:https:::download.kiwix.org:zim:stack_exchange:ux.stackexchange.com_en_all_2026-02.zim:https:::download.kiwix.org:zim:stack_exchange:ux.stackexchange.com_en_all_2026-02.zim.torrent
vegetarianism.stackexchange.com_en_all_2026-02.zim:9,751,756:https:::download.kiwix.org:zim:stack_exchange:vegetarianism.stackexchange.com_en_all_2026-02.zim:https:::download.kiwix.org:zim:stack_exchange:vegetarianism.stackexchange.com_en_all_2026-02.zim.torrent
vi.stackexchange.com_en_all_2026-02.zim:90,177,536:https:::download.kiwix.org:zim:stack_exchange:vi.stackexchange.com_en_all_2026-02.zim:https:::download.kiwix.org:zim:stack_exchange:vi.stackexchange.com_en_all_2026-02.zim.torrent
video.stackexchange.com_en_all_2026-02.zim:76,546,048:https:::download.kiwix.org:zim:stack_exchange:video.stackexchange.com_en_all_2026-02.zim:https:::download.kiwix.org:zim:stack_exchange:video.stackexchange.com_en_all_2026-02.zim.torrent
vikidia_en_all_maxi_2026-03.zim:73,400,320:https:::download.kiwix.org:zim:vikidia:vikidia_en_all_maxi_2026-03.zim:https:::download.kiwix.org:zim:vikidia:vikidia_en_all_maxi_2026-03.zim.torrent
voa_learning_en_all_2025-01.zim:7,086,696,038:https:::download.kiwix.org:zim:videos:voa_learning_en_all_2025-01.zim:https:::download.kiwix.org:zim:videos:voa_learning_en_all_2025-01.zim.torrent
webapps.stackexchange.com_en_all_2026-02.zim:289,406,976:https:::download.kiwix.org:zim:stack_exchange:webapps.stackexchange.com_en_all_2026-02.zim:https:::download.kiwix.org:zim:stack_exchange:webapps.stackexchange.com_en_all_2026-02.zim.torrent
webmasters.stackexchange.com_en_all_2025-12.zim:227,540,992:https:::download.kiwix.org:zim:stack_exchange:webmasters.stackexchange.com_en_all_2025-12.zim:https:::download.kiwix.org:zim:stack_exchange:webmasters.stackexchange.com_en_all_2025-12.zim.torrent
westeros_en_all_2018-09.zim:232,783,872:https:::download.kiwix.org:zim:other:westeros_en_all_2018-09.zim:https:::download.kiwix.org:zim:other:westeros_en_all_2018-09.zim.torrent
whitewolfwiki_en_all_maxi_2024-06.zim:202,375,168:https:::download.kiwix.org:zim:other:whitewolfwiki_en_all_maxi_2024-06.zim:https:::download.kiwix.org:zim:other:whitewolfwiki_en_all_maxi_2024-06.zim.torrent
wikem_en_all_maxi_2021-02.zim:44,040,192:https:::download.kiwix.org:zim:other:wikem_en_all_maxi_2021-02.zim:https:::download.kiwix.org:zim:other:wikem_en_all_maxi_2021-02.zim.torrent
wikibooks_en_all_maxi_2026-01.zim:5,476,083,302:https:::download.kiwix.org:zim:wikibooks:wikibooks_en_all_maxi_2026-01.zim:https:::download.kiwix.org:zim:wikibooks:wikibooks_en_all_maxi_2026-01.zim.torrent
wikiciv_en_all_maxi_2025-11.zim:4,613,734:https:::download.kiwix.org:zim:other:wikiciv_en_all_maxi_2025-11.zim:https:::download.kiwix.org:zim:other:wikiciv_en_all_maxi_2025-11.zim.torrent
wikinews_en_all_maxi_2026-01.zim:317,718,528:https:::download.kiwix.org:zim:wikinews:wikinews_en_all_maxi_2026-01.zim:https:::download.kiwix.org:zim:wikinews:wikinews_en_all_maxi_2026-01.zim.torrent
wikipedia_en_all_maxi_2026-02.zim:123,480,309,760:https:::download.kiwix.org:zim:wikipedia:wikipedia_en_all_maxi_2026-02.zim:https:::download.kiwix.org:zim:wikipedia:wikipedia_en_all_maxi_2026-02.zim.torrent
wikiquote_en_all_maxi_2026-01.zim:922,746,880:https:::download.kiwix.org:zim:wikiquote:wikiquote_en_all_maxi_2026-01.zim:https:::download.kiwix.org:zim:wikiquote:wikiquote_en_all_maxi_2026-01.zim.torrent
wikisource_en_all_maxi_2026-02.zim:19,327,352,832:https:::download.kiwix.org:zim:wikisource:wikisource_en_all_maxi_2026-02.zim:https:::download.kiwix.org:zim:wikisource:wikisource_en_all_maxi_2026-02.zim.torrent
wikispecies_en_all_maxi_2026-01.zim:3,328,599,654:https:::download.kiwix.org:zim:other:wikispecies_en_all_maxi_2026-01.zim:https:::download.kiwix.org:zim:other:wikispecies_en_all_maxi_2026-01.zim.torrent
wikitech_en_all_maxi_2024-06.zim:48,234,496:https:::download.kiwix.org:zim:other:wikitech_en_all_maxi_2024-06.zim:https:::download.kiwix.org:zim:other:wikitech_en_all_maxi_2024-06.zim.torrent
wikiversity_en_all_maxi_2026-02.zim:2,362,232,012:https:::download.kiwix.org:zim:wikiversity:wikiversity_en_all_maxi_2026-02.zim:https:::download.kiwix.org:zim:wikiversity:wikiversity_en_all_maxi_2026-02.zim.torrent
wikivoyage_en_all_maxi_2025-12.zim:1,181,116,006:https:::download.kiwix.org:zim:wikivoyage:wikivoyage_en_all_maxi_2025-12.zim:https:::download.kiwix.org:zim:wikivoyage:wikivoyage_en_all_maxi_2025-12.zim.torrent
wikivoyage_en_europe_maxi_2025-12.zim:414,187,520:https:::download.kiwix.org:zim:wikivoyage:wikivoyage_en_europe_maxi_2025-12.zim:https:::download.kiwix.org:zim:wikivoyage:wikivoyage_en_europe_maxi_2025-12.zim.torrent
wiktionary_en_all_nopic_2026-02.zim:8,804,682,956:https:::download.kiwix.org:zim:wiktionary:wiktionary_en_all_nopic_2026-02.zim:https:::download.kiwix.org:zim:wiktionary:wiktionary_en_all_nopic_2026-02.zim.torrent
womenshistory.si.edu_en_all_2025-03.zim:4,939,212,390:https:::download.kiwix.org:zim:zimit:womenshistory.si.edu_en_all_2025-03.zim:https:::download.kiwix.org:zim:zimit:womenshistory.si.edu_en_all_2025-03.zim.torrent
woodworking.stackexchange.com_en_all_2026-02.zim:104,857,600:https:::download.kiwix.org:zim:stack_exchange:woodworking.stackexchange.com_en_all_2026-02.zim:https:::download.kiwix.org:zim:stack_exchange:woodworking.stackexchange.com_en_all_2026-02.zim.torrent
wordpress.stackexchange.com_en_all_2025-08.zim:476,053,504:https:::download.kiwix.org:zim:stack_exchange:wordpress.stackexchange.com_en_all_2025-08.zim:https:::download.kiwix.org:zim:stack_exchange:wordpress.stackexchange.com_en_all_2025-08.zim.torrent
workplace.stackexchange.com_en_all_2026-02.zim:245,366,784:https:::download.kiwix.org:zim:stack_exchange:workplace.stackexchange.com_en_all_2026-02.zim:https:::download.kiwix.org:zim:stack_exchange:workplace.stackexchange.com_en_all_2026-02.zim.torrent
worldbuilding.stackexchange.com_en_all_2025-12.zim:836,763,648:https:::download.kiwix.org:zim:stack_exchange:worldbuilding.stackexchange.com_en_all_2025-12.zim:https:::download.kiwix.org:zim:stack_exchange:worldbuilding.stackexchange.com_en_all_2025-12.zim.torrent
writing.stackexchange.com_en_all_2026-02.zim:100,663,296:https:::download.kiwix.org:zim:stack_exchange:writing.stackexchange.com_en_all_2026-02.zim:https:::download.kiwix.org:zim:stack_exchange:writing.stackexchange.com_en_all_2026-02.zim.torrent
www.mankier.com_en_all_2026-01.zim:189,792,256:https:::download.kiwix.org:zim:zimit:www.mankier.com_en_all_2026-01.zim:https:::download.kiwix.org:zim:zimit:www.mankier.com_en_all_2026-01.zim.torrent
www.ready.gov_en_2024-09.zim:4,939,212,390:https:::download.kiwix.org:zim:zimit:www.ready.gov_en_2024-09.zim:https:::download.kiwix.org:zim:zimit:www.ready.gov_en_2024-09.zim.torrent
wwwnc.cdc.gov_en_all_2024-08.zim:245,366,784:https:::download.kiwix.org:zim:zimit:wwwnc.cdc.gov_en_all_2024-08.zim:https:::download.kiwix.org:zim:zimit:wwwnc.cdc.gov_en_all_2024-08.zim.torrent
xkcd.com_en_all_2026-02.zim:444,596,224:https:::download.kiwix.org:zim:zimit:xkcd.com_en_all_2026-02.zim:https:::download.kiwix.org:zim:zimit:xkcd.com_en_all_2026-02.zim.torrent
zdoom_en_all_maxi_2023-01.zim:10,485,760:https:::download.kiwix.org:zim:other:zdoom_en_all_maxi_2023-01.zim:https:::download.kiwix.org:zim:other:zdoom_en_all_maxi_2023-01.zim.torrent
zimgit-food-preparation_en_2025-04.zim:97,517,568:https:::download.kiwix.org:zim:other:zimgit-food-preparation_en_2025-04.zim:https:::download.kiwix.org:zim:other:zimgit-food-preparation_en_2025-04.zim.torrent
zimgit-knots_en_2024-08.zim:28,311,552:https:::download.kiwix.org:zim:other:zimgit-knots_en_2024-08.zim:https:::download.kiwix.org:zim:other:zimgit-knots_en_2024-08.zim.torrent
zimgit-medicine_en_2024-08.zim:70,254,592:https:::download.kiwix.org:zim:other:zimgit-medicine_en_2024-08.zim:https:::download.kiwix.org:zim:other:zimgit-medicine_en_2024-08.zim.torrent
zimgit-post-disaster_en_2024-05.zim:644,874,240:https:::download.kiwix.org:zim:other:zimgit-post-disaster_en_2024-05.zim:https:::download.kiwix.org:zim:other:zimgit-post-disaster_en_2024-05.zim.torrent
zimgit-water_en_2024-08.zim:20,971,520:https:::download.kiwix.org:zim:other:zimgit-water_en_2024-08.zim:https:::download.kiwix.org:zim:other:zimgit-water_en_2024-08.zim.torrent
:1,208,647,787,248::::::::::::::
